compound_index,true_pkd,rf_rank,rf_pred,dl_rank,dl_pred,delta_rank
0,6.999566,1703,6.617972,1207,7.1468306,496
1,8.21467,706,7.375315,1169,7.185009,-463
2,8.508638,1908,6.529725,1480,6.9304647,428
3,3.436519,4606,3.8470314,4609,3.339052,-3
4,3.3187587,4629,3.687035,4606,3.351928,23
5,2.9586072,4652,3.4982784,4610,3.302061,42
6,3.6020598,4580,3.957184,4073,5.109954,507
7,6.359896,2272,6.397839,858,7.5863132,1414
8,5.0861807,1666,6.628868,1329,7.038598,337
9,4.7958775,1092,6.957433,40,8.788278,1052
10,6.2217765,3906,5.581772,3030,5.9474573,876
11,5.4685082,4152,5.1133103,3639,5.6288786,513
12,4.698968,3907,5.581772,3031,5.9474573,876
13,4.744725,4215,4.9840407,3727,5.576384,488
14,9.30103,857,7.179752,753,7.750251,104
15,5.5228643,4110,5.1924205,4077,5.106917,33
16,9.39794,1148,6.921385,715,7.7928896,433
17,3.8239086,4502,4.2698236,4680,2.6335669,-178
18,3.3233063,4500,4.272194,3932,5.339962,568
19,3.294992,4501,4.272194,3933,5.339962,568
20,6.3299026,3784,5.741792,3589,5.6530237,195
21,7.717831,3919,5.564054,2559,6.221676,1360
22,3.632644,4225,4.9636893,4372,4.295943,-147
23,4.55284,4395,4.5827293,4310,4.514422,85
24,5.7212234,1770,6.5905824,3875,5.4230556,-2105
25,5.9585676,411,7.7817616,2200,6.411678,-1789
26,8.481486,676,7.405389,2310,6.3392954,-1634
27,6.7444863,675,7.405389,2309,6.3392954,-1634
28,8.853872,674,7.405389,2316,6.3392954,-1642
29,7.636388,682,7.405389,2311,6.3392954,-1629
30,6.167427,2000,6.497628,3904,5.378082,-1904
31,7.266803,410,7.7817616,2197,6.411678,-1787
32,7.850781,715,7.3523264,3075,5.925582,-2360
33,8.420217,679,7.405389,2314,6.3392954,-1635
34,6.38711,681,7.405389,2313,6.3392954,-1632
35,6.2005906,2389,6.359661,3518,5.699303,-1129
36,5.346778,413,7.7817616,2199,6.411678,-1786
37,7.8827286,677,7.405389,2317,6.3392954,-1640
38,8.008774,1203,6.8948812,2602,6.2013636,-1399
39,6.0409107,1999,6.497628,3906,5.378082,-1907
40,5.638253,1221,6.888831,3976,5.2871466,-2755
41,5.1135035,1998,6.497628,3911,5.378082,-1913
42,5.58501,1226,6.888831,3978,5.2871466,-2752
43,5.420205,1224,6.888831,3977,5.2871466,-2753
44,5.408924,1220,6.888831,3966,5.2871466,-2746
45,6.3097153,2136,6.4442196,4009,5.225708,-1873
46,5.420205,409,7.7817616,2196,6.411678,-1787
47,5.3565373,2385,6.3612065,3807,5.49415,-1422
48,5.886023,1225,6.888831,3968,5.2871466,-2743
49,6.0176835,1218,6.888831,3969,5.2871466,-2751
50,5.397929,2001,6.497628,3905,5.378082,-1904
51,6.65738,2026,6.4875317,3653,5.617442,-1627
52,6.1738605,1997,6.497628,3903,5.378082,-1906
53,5.853841,1996,6.497628,3908,5.378082,-1912
54,5.1487355,1222,6.888831,3971,5.2871466,-2749
55,5.346778,1993,6.497628,3907,5.378082,-1914
56,7.1481304,408,7.7817616,2201,6.411678,-1793
57,7.3458233,414,7.7817616,2202,6.411678,-1788
58,7.551294,2390,6.359661,3517,5.699303,-1127
59,7.386158,680,7.405389,2315,6.3392954,-1635
60,7.821023,1219,6.888831,3974,5.2871466,-2755
61,7.636388,1213,6.888831,3967,5.2871466,-2754
62,7.9172144,1215,6.888831,3970,5.2871466,-2755
63,7.407823,1217,6.888831,3972,5.2871466,-2755
64,7.3458233,1223,6.888831,3965,5.2871466,-2742
65,8.677781,713,7.3523264,3077,5.925582,-2364
66,7.5833597,1214,6.888831,3973,5.2871466,-2759
67,5.1611447,2518,6.310292,3897,5.387951,-1379
68,6.522734,2966,6.1498103,3755,5.5598993,-789
69,5.886023,2729,6.231785,3350,5.7957096,-621
70,5.6575575,1369,6.787013,4125,5.027034,-2756
71,6.58486,705,7.377695,3958,5.2963476,-3253
72,7.9172144,1260,6.8580003,2393,6.302636,-1133
73,7.0039263,2872,6.180042,4172,4.9096966,-1300
74,5.0654964,2970,6.1488094,4105,5.06594,-1135
75,5.2839885,1356,6.7974477,3865,5.4330807,-2509
76,7.5833597,1395,6.770562,2555,6.223896,-1160
77,6.7956085,1729,6.602211,4185,4.875512,-2456
78,5.67776,3005,6.1376243,3885,5.40623,-880
79,8.036212,806,7.2397947,2605,6.200391,-1799
80,7.821023,678,7.405389,2312,6.3392954,-1634
81,5.301021,1644,6.6391897,4228,4.77653,-2584
82,7.9956784,1183,6.906256,2446,6.284544,-1263
83,5.886023,2330,6.3796473,3756,5.5571413,-1426
84,5.2365646,2990,6.1421623,3997,5.2504873,-1007
85,5.5528264,2068,6.4695983,4271,4.674654,-2203
86,5.0315123,3003,6.138098,3712,5.582706,-709
87,5.0222716,412,7.7817616,2198,6.411678,-1786
88,6.5526867,2388,6.359661,3519,5.699303,-1131
89,5.1739187,1995,6.497628,3909,5.378082,-1914
90,5.346778,2234,6.407765,3914,5.3702154,-1680
91,8.244125,884,7.141762,2631,6.182017,-1747
92,5.346778,1216,6.888831,3975,5.2871466,-2759
93,5.1611447,1208,6.890552,4118,5.033377,-2910
94,6.443577,1408,6.7654357,4209,4.8083053,-2801
95,7.696804,714,7.3523264,3076,5.925582,-2362
96,5.1674848,2807,6.2064276,3223,5.859086,-416
97,5.207601,2480,6.3274555,2800,6.0729074,-320
98,6.698753,1435,6.755146,3504,5.708247,-2069
99,5.267598,2003,6.4961967,4007,5.2334905,-2004
100,8.091515,2803,6.206815,3923,5.3581533,-1120
101,5.9585676,1069,6.9664416,3535,5.6905823,-2466
102,5.408924,1994,6.497628,3910,5.378082,-1916
103,7.9172144,812,7.2321053,2700,6.1398773,-1888
104,7.634512,330,7.9896216,447,8.156656,-117
105,7.767004,427,7.768895,1491,6.9201574,-1064
106,7.850781,357,7.90087,1637,6.773289,-1280
107,5.044789,4096,5.2164383,2261,6.371504,1835
108,5.3381777,3921,5.5620794,2238,6.386161,1683
109,5.81528,4184,5.061446,2488,6.2596793,1696
110,5.982925,3954,5.512102,2099,6.4669147,1855
111,5.275716,3886,5.6039147,4045,5.1675754,-159
112,7.821023,969,7.045287,1530,6.8822436,-561
113,9.187087,295,8.067253,1345,7.024226,-1050
114,5.7447033,4064,5.283018,1959,6.5446243,2105
115,8.677781,324,8.006146,756,7.74212,-432
116,6.452102,1710,6.6096735,1232,7.124936,478
117,6.5526867,2638,6.2628565,1111,7.2432327,1527
118,6.508498,3346,6.016869,2347,6.3226805,999
119,6.619608,3780,5.742848,956,7.4274445,2824
120,6.677574,3577,5.9060445,1285,7.075185,2292
121,6.889074,3601,5.894548,1417,6.9629364,2184
122,6.7956085,3416,5.98692,1824,6.6070013,1592
123,7.6757174,767,7.2774806,268,8.403913,499
124,7.9172144,615,7.5018578,392,8.219043,223
125,6.124881,1132,6.9276485,1934,6.5529613,-802
126,8.136677,2428,6.3467193,3940,5.3365393,-1512
127,6.4558077,3107,6.095372,3217,5.8618584,-110
128,8.21254,383,7.837024,665,7.8664117,-282
129,6.3499064,3578,5.9045873,1771,6.6661997,1807
130,6.866142,2375,6.3645477,2319,6.3371267,56
131,8.008774,1720,6.6065516,1571,6.8368783,149
132,6.408824,3706,5.8171897,2176,6.4265776,1530
133,5.0969048,3846,5.6619415,4085,5.092849,-239
134,4.8477087,4217,4.9743114,4154,4.9550533,63
135,2.229148,4708,2.6922293,4683,2.5974116,25
136,2.552842,4622,3.7262645,4684,2.5952532,-62
137,2.0,4632,3.68426,4712,2.1875775,-80
138,2.3565474,4596,3.8951628,4700,2.3356228,-104
139,4.698968,4452,4.4123545,4655,3.0566413,-203
140,4.1549015,4453,4.4123545,4652,3.0620458,-199
141,2.0,4631,3.68426,4699,2.3524845,-68
142,2.0,4633,3.68426,4698,2.3591397,-65
143,2.3565474,4595,3.8951628,4686,2.5830963,-91
144,2.5686362,4598,3.8951628,4689,2.5682786,-91
145,2.3187587,4659,3.414172,4710,2.2043247,-51
146,2.2757242,4684,2.9739585,4715,1.985256,-31
147,2.2006595,4685,2.9739585,4714,1.9870778,-29
148,2.481486,4626,3.698431,4707,2.2756736,-81
149,2.552842,4625,3.698431,4708,2.268145,-83
150,2.0,4597,3.8951628,4682,2.6015794,-85
151,2.0,4630,3.68426,4697,2.3598125,-67
152,2.0,4675,3.1413214,4693,2.487396,-18
153,5.5228643,3432,5.9769707,4087,5.089734,-655
154,4.853869,2927,6.1642704,3824,5.4803753,-897
155,4.657575,2928,6.1642704,3296,5.824402,-368
156,4.1739244,2929,6.1642704,3132,5.896257,-203
157,3.58838,4559,4.066609,4214,4.791642,345
158,3.4685209,4365,4.6662626,3394,5.7749968,971
159,2.2262135,4538,4.143446,4292,4.5686474,246
160,2.8728952,4584,3.9509094,4585,3.4736114,-1
161,3.8239086,3591,5.9003286,4572,3.5449417,-981
162,2.835647,3950,5.517014,4654,3.060375,-704
163,2.6575773,3744,5.780529,4638,3.1740394,-894
164,2.5590909,3745,5.780529,4639,3.1685538,-894
165,2.0,3951,5.517014,4649,3.0731776,-698
166,7.954677,3407,5.9892483,2774,6.0947323,633
167,3.896196,4591,3.925809,4337,4.4241676,254
168,3.4647057,4636,3.6435034,4358,4.3505225,278
169,4.022276,4635,3.6609554,4455,4.0088544,180
170,3.7594504,4601,3.8733356,4021,5.203183,580
171,3.7958798,4592,3.9211705,4242,4.7471046,350
172,3.9546766,4521,4.213716,3797,5.5088773,724
173,4.3665304,4098,5.2138715,4186,4.875141,-88
174,4.698968,3971,5.4685364,3929,5.343239,42
175,3.4647057,4567,4.003142,4570,3.5584128,-3
176,3.8860564,4522,4.210847,4484,3.9076612,38
177,3.6197886,4642,3.620073,4528,3.76678,114
178,3.5361068,4641,3.6228476,4477,3.9213755,164
179,3.3187587,4624,3.7194629,4397,4.199069,227
180,3.9136398,4461,4.3703833,4385,4.254363,76
181,3.725842,4403,4.5430527,4416,4.1591296,-13
182,3.6777804,4643,3.6094878,4593,3.4192479,50
183,3.4685209,4576,3.9795432,4486,3.9035494,90
184,3.552842,4647,3.5752215,4487,3.8993683,160
185,3.6840293,4661,3.406201,4363,4.3282723,298
186,3.9829662,4656,3.4619768,4170,4.9173255,486
187,3.2636034,4593,3.9169319,2594,6.2027426,1999
188,4.3979387,4458,4.384854,4231,4.774802,227
189,4.0915146,4440,4.464829,4262,4.688449,178
190,4.301029,4317,4.7634997,3931,5.34056,386
191,3.2006593,4437,4.4699583,4580,3.5095198,-143
192,3.7033346,4396,4.5681543,4547,3.698867,-151
193,4.3565464,4062,5.28713,4258,4.7014647,-196
194,3.6197886,4542,4.1308637,4174,4.9030137,368
195,3.8041,4292,4.819852,4304,4.5451107,-12
196,3.29073,4658,3.4271474,3926,5.3517404,732
197,3.4710832,4608,3.8395486,4366,4.3223906,242
198,4.4259677,4187,5.055478,3919,5.3618917,268
199,3.809668,4488,4.303701,4160,4.944743,328
200,7.767004,4490,4.292062,4533,3.7431045,-43
201,7.7189665,4491,4.292062,4534,3.7431045,-43
202,2.30103,4548,4.1094913,4420,4.128143,128
203,5.525769,3857,5.653279,3469,5.731822,388
204,7.600326,1530,6.708169,1145,7.208699,385
205,6.999566,654,7.444734,493,8.116213,161
206,5.3767405,2651,6.2591915,893,7.5430746,1758
207,6.4813547,1310,6.8295236,661,7.8713064,649
208,6.698753,1545,6.6986027,2045,6.487242,-500
209,2.869666,4205,5.0155673,4508,3.8421223,-303
210,6.537452,2818,6.1990576,2507,6.247391,311
211,5.1191807,2809,6.2041764,2262,6.371435,547
212,4.950778,4309,4.7842083,4260,4.695531,49
213,8.091515,967,7.049288,928,7.484579,39
214,6.819702,711,7.3574767,516,8.09674,195
215,2.69897,4518,4.219899,4562,3.5857494,-44
216,8.040958,790,7.256637,1013,7.3465643,-223
217,5.199993,3801,5.7235208,1825,6.606531,1976
218,6.4316807,536,7.604095,78,8.6924095,458
219,6.942714,606,7.525272,33,8.813183,573
220,6.958213,537,7.604095,77,8.6924095,460
221,6.0808697,2149,6.4367943,891,7.543831,1258
222,5.7212234,1754,6.5966864,2000,6.515775,-246
223,6.346691,971,7.042945,567,8.046263,404
224,5.6575575,1157,6.9140096,1124,7.2184772,33
225,4.9665723,4247,4.9213614,3709,5.5839577,538
226,5.1784143,3918,5.56438,2808,6.0674267,1110
227,5.0268674,4242,4.9280815,3842,5.459443,400
228,4.0315166,4241,4.9280815,3841,5.459443,400
229,8.318759,708,7.368202,598,7.962381,110
230,8.229148,2048,6.478935,736,7.7722187,1312
231,8.60206,161,8.484043,213,8.478641,-52
232,8.69897,163,8.484043,210,8.4831,-47
233,8.05061,1919,6.522175,664,7.8681583,1255
234,8.744727,294,8.07044,256,8.416345,38
235,8.585027,162,8.484043,214,8.478641,-52
236,7.9956784,667,7.4239135,514,8.09719,153
237,6.698753,1308,6.8308444,1363,7.01015,-55
238,7.442493,1887,6.539936,1583,6.8259525,304
239,3.30103,4420,4.487689,4379,4.2686067,41
240,7.9956784,274,8.147416,566,8.049447,-292
241,4.180455,4523,4.208058,4488,3.8986855,35
242,6.124881,2359,6.3686357,239,8.449033,2120
243,2.1249387,4562,4.0427337,4636,3.1756492,-74
244,2.4881167,4531,4.1942024,4601,3.3635254,-70
245,7.7189665,3502,5.9449687,2612,6.192012,890
246,8.113509,302,8.055388,1134,7.209095,-832
247,7.567031,303,8.055388,1137,7.209095,-834
248,7.130182,307,8.055388,1135,7.209095,-828
249,8.356547,304,8.055388,1136,7.209095,-832
250,7.9172144,305,8.055388,1141,7.209095,-836
251,7.0039263,306,8.055388,1138,7.209095,-832
252,7.442493,308,8.055388,1139,7.209095,-831
253,7.6556077,309,8.055388,1140,7.209095,-831
254,8.346787,311,8.055388,1142,7.209095,-831
255,6.199214,310,8.055388,1143,7.209095,-833
256,8.468521,64,8.809988,29,8.869904,35
257,7.767004,691,7.3988934,152,8.568621,539
258,9.113509,228,8.291328,44,8.783068,184
259,8.468521,158,8.500707,26,8.891578,132
260,9.823909,10,9.365454,56,8.755791,-46
261,8.376751,3343,6.0175333,3560,5.67666,-217
262,5.2006526,4210,5.004577,4618,3.2663314,-408
263,5.853841,3934,5.5393653,4350,4.3743505,-416
264,7.5833597,1107,6.9450364,1518,6.8940687,-411
265,5.275716,3206,6.057262,470,8.133973,2736
266,5.0969048,3212,6.057262,469,8.133973,2743
267,5.154896,3205,6.057262,471,8.133973,2734
268,5.2441177,3207,6.057262,472,8.133973,2735
269,5.2839885,3208,6.057262,473,8.133973,2735
270,5.5228643,3211,6.057262,474,8.133973,2737
271,5.2596292,3213,6.057262,475,8.133973,2738
272,5.0506053,3214,6.057262,479,8.133973,2735
273,5.301021,3215,6.057262,476,8.133973,2739
274,5.6575575,3210,6.057262,477,8.133973,2733
275,7.0039263,1251,6.8613424,3102,5.9122267,-1851
276,5.3767405,3209,6.057262,478,8.133973,2731
277,6.2756424,3180,6.0681834,3240,5.8519945,-60
278,2.8538718,4157,5.102546,4584,3.4759238,-427
279,6.3978314,582,7.560606,2155,6.435773,-1573
280,6.68382,583,7.560606,2154,6.435773,-1571
281,6.2974834,1868,6.551507,1998,6.5163717,-130
282,6.2789316,2633,6.2664013,2532,6.2391367,101
283,6.32781,2122,6.4495964,1758,6.6756134,364
284,4.744725,3657,5.8503942,2720,6.122072,937
285,6.1219954,943,7.077922,2791,6.084203,-1848
286,5.214592,773,7.2706685,1450,6.946517,-677
287,6.850473,1813,6.5761714,1089,7.2757483,724
288,6.66334,2229,6.410306,154,8.557564,2075
289,6.230549,1766,6.5919123,2143,6.442873,-377
290,6.361411,2041,6.4821777,2469,6.268622,-428
291,7.454693,588,7.5502763,931,7.479979,-343
292,8.744727,462,7.6904674,250,8.433229,212
293,6.522734,200,8.374115,451,8.15021,-251
294,9.013228,265,8.185584,376,8.242759,-111
295,6.65738,186,8.434643,93,8.672861,93
296,8.920818,176,8.460035,465,8.136564,-289
297,9.267606,160,8.490457,96,8.670139,64
298,6.65738,338,7.9644074,375,8.245129,-37
299,8.183096,970,7.0451903,1189,7.15845,-219
300,9.245651,300,8.058387,614,7.935926,-314
301,6.1937523,1346,6.804861,1386,6.9906936,-40
302,6.5684752,3856,5.6587005,2508,6.2447767,1348
303,7.5883803,593,7.5463176,219,8.4691925,374
304,6.399888,926,7.0963216,2493,6.2557163,-1567
305,6.6001534,1641,6.639821,1660,6.7589436,-19
306,5.18708,3924,5.5566854,3621,5.6389017,303
307,4.8999968,4467,4.348319,1152,7.2006016,3315
308,4.299999,4392,4.5931945,2003,6.5128236,2389
309,7.954677,222,8.302535,485,8.12929,-263
310,5.700035,2550,6.2966,3614,5.64204,-1064
311,9.829739,102,8.664285,302,8.364574,-200
312,6.5684752,4267,4.860926,2633,6.180988,1634
313,2.60206,4668,3.2888327,4626,3.2262886,42
314,2.3565474,4714,2.4815295,4695,2.4367042,19
315,2.3372421,4710,2.603193,4671,2.7634904,39
316,8.094744,157,8.503108,112,8.627594,45
317,8.677781,56,8.872827,167,8.545137,-111
318,4.4388976,4400,4.5587454,4288,4.5862093,112
319,6.6018863,2115,6.451765,2879,6.024683,-764
320,6.4813547,1125,6.9324875,1272,7.091941,-147
321,7.5214334,1599,6.6650596,1669,6.7469945,-70
322,5.4736476,3449,5.971247,3876,5.422469,-427
323,6.999566,254,8.2063055,522,8.084717,-268
324,7.9956784,227,8.29183,546,8.0709095,-319
325,5.899964,323,8.015397,564,8.054604,-241
326,6.49986,264,8.190397,554,8.067604,-290
327,9.787546,367,7.8894076,672,7.8467817,-305
328,4.317854,4315,4.773492,3880,5.4167137,435
329,7.0039263,1927,6.5195737,3401,5.7722197,-1474
330,6.0413885,2176,6.42916,2947,5.98601,-771
331,7.099469,527,7.612379,414,8.194395,113
332,5.199993,1528,6.7097907,849,7.6041913,679
333,8.20066,233,8.274551,7,9.170243,226
334,7.5214334,688,7.4006987,1177,7.17042,-489
335,5.7700367,3541,5.9215617,3080,5.9237194,461
336,6.7956085,2781,6.212776,1745,6.693451,1036
337,9.1549015,726,7.331459,1075,7.288314,-349
338,6.8236194,1687,6.6245327,696,7.8191395,991
339,6.1937523,1974,6.5038433,1058,7.295973,916
340,6.408824,1973,6.5038433,1060,7.295973,913
341,6.236497,1972,6.5038433,1066,7.295973,906
342,5.9585676,1971,6.5038433,1061,7.295973,910
343,6.346691,1970,6.5038433,1062,7.295973,908
344,7.251037,1448,6.745045,780,7.6992664,668
345,5.3872056,1969,6.5038433,1065,7.295973,904
346,5.9207826,1968,6.5038433,1059,7.295973,909
347,6.443577,955,7.061987,445,8.157171,510
348,6.721018,1794,6.5811057,817,7.6547103,977
349,5.397929,1044,6.9999804,265,8.411845,779
350,7.767004,1041,6.9999804,264,8.411845,777
351,5.5228643,1664,6.6301794,443,8.161933,1221
352,5.7695255,1975,6.5038433,1057,7.295973,918
353,6.508498,3750,5.7771025,1326,7.04183,2424
354,5.2924213,1663,6.6301794,442,8.161933,1221
355,7.442493,1043,6.9999804,263,8.411845,780
356,5.58501,1661,6.6301794,440,8.161933,1221
357,5.8238797,1967,6.5038433,1064,7.295973,903
358,7.266803,1039,6.9999804,262,8.411845,777
359,7.9172144,1042,6.9999804,261,8.411845,781
360,6.2217765,3468,5.962222,833,7.6258607,2635
361,6.958213,2294,6.391983,233,8.4526615,2061
362,7.0039263,2401,6.356125,437,8.167752,1964
363,6.3009434,2508,6.31453,2205,6.4078655,303
364,5.4948363,2766,6.217846,1749,6.690838,1017
365,7.5833597,2424,6.3475537,2340,6.3258457,84
366,5.508624,2452,6.338622,2056,6.482087,396
367,6.2290745,4029,5.3717184,2381,6.3067465,1648
368,5.7958527,2751,6.2222977,1449,6.948269,1302
369,5.9585676,1595,6.669756,1300,7.0652103,295
370,6.65738,1581,6.678115,2104,6.4651046,-523
371,7.954677,1229,6.885214,235,8.4522915,994
372,5.638253,1966,6.5038433,1063,7.295973,903
373,5.7447033,3511,5.940462,984,7.4083514,2527
374,5.7212234,1155,6.9160614,759,7.740462,396
375,5.275716,1662,6.6301794,441,8.161933,1221
376,5.9585676,3084,6.1046777,967,7.419813,2117
377,5.56862,3268,6.0447125,1029,7.3336945,2239
378,6.7956085,1688,6.6245327,695,7.8191395,993
379,7.454693,1040,6.9999804,266,8.411845,774
380,6.3564487,2397,6.3579183,831,7.626954,1566
381,5.6989484,2213,6.4189024,1094,7.2705193,1119
382,6.7956085,1068,6.967057,679,7.839099,389
383,7.9956784,968,7.0488625,409,8.199074,559
384,6.7692957,2965,6.149896,2336,6.328575,629
385,6.7956085,3848,5.6601205,2216,6.4018,1632
386,5.408924,3381,6.003738,3412,5.7659516,-31
387,7.3001623,1397,6.769881,384,8.229927,1013
388,5.537587,2942,6.157286,1544,6.8722796,1398
389,5.7695255,1795,6.5811057,816,7.6547103,979
390,5.853841,1604,6.6626797,1986,6.522303,-382
391,6.408824,954,7.061987,446,8.157171,508
392,6.6380835,1921,6.5218377,633,7.9249606,1288
393,4.301029,3930,5.542445,4415,4.159454,-485
394,4.698968,2741,6.224038,2727,6.1145325,14
395,5.7408605,2903,6.169458,463,8.140471,2440
396,6.167427,3009,6.1360517,488,8.124288,2521
397,7.696804,1775,6.588287,519,8.092022,1256
398,7.617983,1608,6.6606774,542,8.072976,1066
399,4.886053,3899,5.5880437,2467,6.269829,1432
400,5.0757155,3898,5.5880437,2466,6.269829,1432
401,7.33904,1236,6.879343,1096,7.265359,140
402,4.8699846,3904,5.584706,4179,4.8887377,-275
403,8.040958,318,8.029241,861,7.577513,-543
404,6.480041,858,7.1765795,1790,6.6456375,-932
405,4.5199914,4268,4.8603325,4261,4.6898174,7
406,4.5199914,4321,4.759256,4321,4.4758787,0
407,2.30103,4672,3.2446811,4663,2.9369133,9
408,5.4473195,1468,6.7397695,1304,7.0611176,164
409,5.738238,1484,6.736367,1245,7.111699,239
410,6.6298203,1963,6.5052605,596,7.964677,1367
411,7.578396,287,8.108431,538,8.077374,-251
412,9.9763365,1086,6.958677,691,7.826972,395
413,8.508638,1087,6.958677,1079,7.285204,8
414,5.0506053,4136,5.149845,4327,4.4558525,-191
415,5.7447033,4135,5.149845,4325,4.4646606,-190
416,4.301029,4134,5.149845,4320,4.47789,-186
417,5.508624,4133,5.149845,4324,4.4671307,-191
418,9.1549015,911,7.1028976,1902,6.5655947,-991
419,9.638272,2066,6.470795,1209,7.144343,857
420,6.065451,3984,5.4559236,2825,6.0590653,1159
421,6.1803904,3985,5.4559236,2826,6.0590653,1159
422,2.9208188,4650,3.5251067,4613,3.2773848,37
423,4.899626,4367,4.661091,4121,5.030376,246
424,8.585027,692,7.398534,1414,6.9665003,-722
425,5.070576,1715,6.608649,1695,6.725852,20
426,7.50724,1714,6.608649,1651,6.763524,63
427,6.999566,464,7.6871033,1797,6.640869,-1333
428,5.10001,1605,6.662379,1928,6.557593,-323
429,4.5376005,4164,5.0967374,4293,4.5677195,-129
430,7.667966,245,8.2531185,589,7.991674,-344
431,8.6575775,1254,6.860448,126,8.604153,1128
432,8.721247,1253,6.860448,125,8.604153,1128
433,8.774691,246,8.233499,310,8.358903,-64
434,8.193142,339,7.9607472,323,8.330288,16
435,7.8965383,230,8.280201,296,8.377704,-66
436,9.645891,267,8.183442,83,8.686086,184
437,5.0861807,2129,6.447375,1832,6.6014447,297
438,9.136083,119,8.639187,461,8.140914,-342
439,3.9208183,4617,3.78425,4643,3.1361258,-26
440,7.4609237,3965,5.489344,4137,5.0015526,-172
441,7.931814,3964,5.489344,4138,5.0015526,-174
442,8.522879,3379,6.004094,4041,5.1764107,-662
443,3.9359162,4494,4.280785,4501,3.8600504,-7
444,4.0861855,4493,4.280785,4500,3.8600504,-7
445,4.0506096,4492,4.280785,4499,3.8600504,-7
446,4.318758,4495,4.280785,4498,3.8600504,-3
447,6.425853,2159,6.433135,3186,5.8730154,-1027
448,8.275724,3499,5.946699,799,7.673255,2700
449,8.30103,3498,5.946699,819,7.6498423,2679
450,9.236572,191,8.417795,1404,6.9757557,-1213
451,8.79588,76,8.750396,1157,7.1957197,-1081
452,6.4316807,3093,6.102063,3772,5.541025,-679
453,6.346691,3314,6.030854,2022,6.5024385,1292
454,3.8326824,4677,3.1155858,4664,2.9342477,13
455,3.8239086,4679,3.0766695,4651,3.0626478,28
456,3.8860564,4587,3.9392338,4627,3.2246525,-40
457,3.5850265,4663,3.3610368,4605,3.356047,58
458,3.6989698,4671,3.2659147,4662,2.940838,9
459,2.769551,4696,2.7987823,4692,2.5064397,4
460,2.552842,4687,2.880175,4681,2.6085823,6
461,2.69897,4698,2.7957284,4676,2.6970122,22
462,2.69897,4704,2.7317672,4696,2.3941247,8
463,2.30103,4706,2.6981578,4711,2.192574,-5
464,2.30103,4699,2.7821996,4706,2.298361,-7
465,2.30103,4713,2.5123339,4713,2.1100557,0
466,2.8860567,4707,2.6971886,4670,2.7842429,37
467,2.6777806,4686,2.9667246,4665,2.93414,21
468,2.30103,4695,2.813353,4659,3.0012186,36
469,2.769551,4709,2.6604335,4677,2.6875823,32
470,4.698968,4312,4.780135,4047,5.165883,265
471,4.698968,4298,4.814671,4093,5.081017,205
472,4.698968,4313,4.779999,4342,4.390743,-29
473,7.6757174,596,7.5400996,824,7.644371,-228
474,8.721247,735,7.322383,1276,7.088394,-541
475,7.154282,1903,6.531125,1100,7.2563987,803
476,6.7692957,870,7.164113,556,8.063043,314
477,2.481486,2913,6.1671576,3980,5.2836056,-1067
478,6.3009434,802,7.246628,710,7.8012924,92
479,4.251811,4118,5.16632,4276,4.6515765,-158
480,8.866461,384,7.831108,91,8.673847,293
481,9.645891,391,7.819634,117,8.617361,274
482,8.774691,351,7.9213243,950,7.4460773,-599
483,8.774691,336,7.966764,450,8.153288,-114
484,9.58838,594,7.545322,123,8.605995,471
485,9.746178,280,8.135957,19,8.924277,261
486,9.080922,816,7.2250204,381,8.234987,435
487,3.6903696,4654,3.492242,4614,3.2720954,40
488,3.2380722,4627,3.6918948,4507,3.8426814,120
489,5.638253,4616,3.7919369,4586,3.4643295,30
490,5.2936153,3441,5.974727,2388,6.304598,1053
491,6.204746,3152,6.0808253,2184,6.4205465,968
492,8.281498,745,7.3152304,282,8.387627,463
493,8.025488,704,7.378348,398,8.210689,306
494,7.1394224,612,7.5109434,480,8.133327,132
495,7.5185575,590,7.549464,511,8.100827,79
496,7.3789277,648,7.4563994,590,7.9904785,58
497,8.134304,642,7.4704,562,8.059606,80
498,6.999566,747,7.3134594,464,8.138015,283
499,8.074688,787,7.2597246,395,8.213924,392
500,6.999566,634,7.480703,521,8.086774,113
501,6.799724,1301,6.8324094,887,7.5476704,414
502,7.349013,837,7.20284,794,7.677092,43
503,9.09691,63,8.815554,28,8.884712,35
504,6.443577,1239,6.8716397,1377,6.9995594,-138
505,9.236572,2192,6.4256396,845,7.6111984,1347
506,6.958213,2141,6.441776,692,7.826318,1449
507,8.39794,3967,5.4788647,260,8.413192,3707
508,4.889407,3282,6.0400896,1750,6.6902847,1532
509,4.459995,2224,6.4138684,3981,5.282754,-1757
510,5.049971,2101,6.456913,3832,5.466708,-1731
511,5.5100274,2023,6.4877462,3982,5.278963,-1959
512,5.1999636,1857,6.560642,4141,4.9965377,-2284
513,5.8900504,1948,6.511334,3746,5.566412,-1798
514,5.1999636,2960,6.1502295,3613,5.6423097,-653
515,5.6599326,2497,6.3207145,3848,5.4511294,-1351
516,6.679646,2099,6.4578147,3670,5.605749,-1571
517,6.549597,2052,6.478294,2368,6.312784,-316
518,6.5198493,2117,6.4509397,3778,5.539357,-1661
519,6.698753,1897,6.5357733,3226,5.857974,-1329
520,6.549597,1727,6.6043444,3557,5.678595,-1830
521,7.821023,1659,6.630632,3289,5.82999,-1630
522,7.3458233,2010,6.4919953,3627,5.635877,-1617
523,7.600326,1602,6.6634955,3508,5.702647,-1906
524,6.149905,2601,6.2771444,2923,6.004009,-322
525,5.230025,3617,5.887997,4017,5.209997,-400
526,6.3495955,3247,6.0518475,3156,5.888377,91
527,6.679646,3191,6.0630746,3829,5.471493,-638
528,6.6593575,3156,6.079864,3810,5.49232,-654
529,5.1699824,3845,5.6620383,3979,5.285475,-134
530,5.349974,3779,5.743657,4068,5.1177645,-289
531,5.1699824,3763,5.7623315,3886,5.402619,-123
532,5.3999968,3833,5.6735296,3684,5.596397,149
533,5.96015,3751,5.7768536,3916,5.3679066,-165
534,7.2358236,3733,5.792225,4126,5.025998,-393
535,5.049971,3722,5.8004894,3894,5.39202,-172
536,6.8207355,3277,6.0418453,3533,5.69166,-256
537,4.470004,2546,6.297395,4317,4.503605,-1771
538,6.698753,3443,5.97431,3357,5.7924185,86
539,7.480172,1822,6.57092,2054,6.483768,-232
540,5.150022,3663,5.846931,3691,5.593949,-28
541,6.4947143,2094,6.45889,3582,5.656743,-1488
542,4.5451536,4068,5.266504,4254,4.71286,-186
543,4.5451536,4028,5.3722067,4197,4.843835,-169
544,5.4559197,1537,6.7055964,1793,6.6450663,-256
545,6.5526867,2139,6.4427476,3510,5.701776,-1371
546,5.9585676,2317,6.3838973,3548,5.6850367,-1231
547,5.420205,1385,6.777563,1868,6.5866995,-483
548,5.508624,3238,6.0543404,3422,5.759673,-184
549,5.58501,2206,6.4222174,2705,6.137105,-499
550,5.18708,1497,6.73219,3294,5.8250628,-1797
551,5.508624,2292,6.392573,3681,5.600025,-1389
552,6.346691,2406,6.355022,3360,5.7914724,-954
553,5.2596292,3643,5.8732643,1240,7.1176987,2403
554,6.0808697,3390,5.9985757,3762,5.5523043,-372
555,5.9207826,2368,6.3664265,3300,5.8214693,-932
556,6.508498,2746,6.223538,3497,5.712182,-751
557,5.346778,1734,6.5993867,2648,6.170748,-914
558,7.5833597,782,7.262157,727,7.773495,55
559,6.236497,1731,6.6012206,1277,7.088249,454
560,5.9207826,2157,6.4345226,2334,6.3286924,-177
561,7.567031,1117,6.940132,1496,6.9152822,-379
562,6.958213,1748,6.5993867,2641,6.170748,-893
563,5.9585676,1735,6.5993867,2637,6.170748,-902
564,8.036212,3424,5.984052,2901,6.015315,523
565,7.50724,1737,6.5993867,2654,6.170748,-917
566,7.266803,1743,6.5993867,2642,6.170748,-899
567,8.49485,783,7.262157,729,7.773495,54
568,8.769551,785,7.262157,728,7.773495,57
569,5.853841,786,7.262157,735,7.773495,51
570,6.420102,1594,6.6708026,1549,6.8665304,45
571,6.4316807,2075,6.4681582,1605,6.8078623,470
572,8.119186,795,7.2521553,1220,7.13824,-425
573,5.7447033,1878,6.543891,3288,5.830376,-1410
574,6.6018863,3345,6.017064,2066,6.477498,1279
575,5.853841,1151,6.917663,2881,6.023573,-1730
576,7.12436,1739,6.5993867,2646,6.170748,-907
577,8.275724,796,7.2521553,1219,7.13824,-423
578,7.375718,1753,6.5993867,2647,6.170748,-894
579,6.055468,1318,6.824485,2530,6.2407613,-1212
580,9.130768,800,7.2521553,1218,7.13824,-418
581,6.167427,3041,6.124076,3652,5.617594,-611
582,8.431798,801,7.2521553,1217,7.13824,-416
583,7.326979,1118,6.940132,1497,6.9152822,-379
584,5.6575575,2106,6.4553537,2344,6.3239975,-238
585,7.336299,1749,6.5993867,2655,6.170748,-906
586,8.136677,779,7.262157,730,7.773495,49
587,7.3458233,784,7.262157,733,7.773495,51
588,6.026826,1150,6.917663,2882,6.023573,-1732
589,6.7692957,2848,6.188677,3362,5.789811,-514
590,7.5833597,1120,6.940132,1498,6.9152822,-378
591,6.7692957,780,7.262157,734,7.773495,46
592,6.999566,1752,6.5993867,2643,6.170748,-891
593,8.207608,799,7.2521553,1216,7.13824,-417
594,7.2358236,1751,6.5993867,2639,6.170748,-888
595,7.2211256,1750,6.5993867,2653,6.170748,-903
596,5.4559197,1760,6.5939994,3493,5.713978,-1733
597,8.920818,798,7.2521553,1215,7.13824,-417
598,6.537452,2925,6.164437,3014,5.956531,-89
599,5.8238797,1747,6.5993867,2651,6.170748,-904
600,7.6757174,2658,6.257105,3692,5.593934,-1034
601,7.206908,1746,6.5993867,2650,6.170748,-904
602,7.551294,2138,6.4427476,3509,5.701776,-1371
603,7.850781,778,7.262157,732,7.773495,46
604,7.059982,1745,6.5993867,2649,6.170748,-904
605,7.3458233,2405,6.355022,3359,5.7914724,-954
606,7.9172144,2369,6.3664265,3299,5.8214693,-930
607,7.567031,1744,6.5993867,2644,6.170748,-900
608,8.677781,1742,6.5993867,2640,6.170748,-898
609,8.119186,781,7.262157,731,7.773495,50
610,7.1999707,1741,6.5993867,2645,6.170748,-904
611,7.430626,2077,6.4681582,1604,6.8078623,473
612,7.1732774,1740,6.5993867,2638,6.170748,-898
613,5.1674848,1508,6.722356,3203,5.866564,-1695
614,6.721018,1649,6.6356554,1344,7.0244236,305
615,5.7447033,1767,6.5918946,1803,6.6321907,-36
616,5.58501,3493,5.949214,3577,5.666408,-84
617,6.283913,2328,6.380713,3805,5.497842,-1477
618,5.8238797,2217,6.417242,3219,5.85979,-1002
619,5.5228643,2102,6.456457,3270,5.842013,-1168
620,5.0654964,2313,6.385306,1201,7.1498656,1112
621,7.317855,1738,6.5993867,2652,6.170748,-914
622,7.2211256,1144,6.925661,1069,7.2943935,75
623,6.086133,2475,6.3294005,3667,5.6058855,-1192
624,5.00436,3686,5.8329506,3711,5.583065,-25
625,5.4948363,2477,6.3277316,2135,6.446115,342
626,6.3186684,2791,6.2088485,3816,5.487461,-1025
627,6.698753,2815,6.201512,3900,5.383068,-1085
628,5.0315123,3513,5.939961,2053,6.4837904,1460
629,5.67776,2152,6.4362903,3625,5.636282,-1473
630,5.9207826,3789,5.7331543,3411,5.7671175,378
631,7.1481304,1928,6.51904,3714,5.581592,-1786
632,6.244049,1713,6.608863,2897,6.016034,-1184
633,5.0861807,3047,6.119841,3666,5.6061335,-619
634,6.1803904,2779,6.212989,3588,5.653578,-809
635,5.3665214,3137,6.0866733,2930,5.9984856,207
636,6.2756424,2715,6.2364826,3507,5.702751,-792
637,6.8857226,2055,6.4757123,2752,6.105036,-697
638,6.0176835,3144,6.08281,3020,5.952915,124
639,6.3186684,3274,6.043255,3045,5.9400425,229
640,6.6018863,3013,6.1335926,3041,5.9419937,-28
641,5.8238797,2306,6.388064,3628,5.635565,-1322
642,5.3372326,2436,6.3453355,3474,5.728344,-1038
643,6.2756424,3626,5.882143,3188,5.8724194,438
644,6.38711,2949,6.1544056,3607,5.6459317,-658
645,7.266803,1394,6.7709427,3634,5.6326365,-2240
646,6.522734,2793,6.2084246,3726,5.5764713,-933
647,5.7958527,2011,6.4917946,3849,5.44968,-1838
648,6.619608,2488,6.324181,3793,5.511554,-1305
649,7.396856,3661,5.8481226,3503,5.7088213,158
650,7.617983,3281,6.04068,3773,5.540964,-492
651,5.4317865,2195,6.42488,3546,5.6882,-1351
652,6.8857226,3157,6.0798006,2939,5.9898386,218
653,6.2675257,3624,5.883891,3464,5.734394,160
654,5.8238797,2862,6.1836762,3812,5.49109,-950
655,7.266803,2483,6.3263097,3562,5.6763663,-1079
656,6.58486,3337,6.0217934,3271,5.840375,66
657,5.638253,2873,6.179906,4015,5.211694,-1142
658,7.1481304,1119,6.940132,1495,6.9152822,-376
659,6.3009434,2792,6.208773,3760,5.5534935,-968
660,5.3665214,3128,6.089517,1513,6.900114,1615
661,6.38711,2609,6.2743163,1084,7.2832127,1525
662,6.8236194,2277,6.3958654,1192,7.1521144,1085
663,7.9172144,2283,6.3948708,3241,5.8519716,-958
664,6.4558077,2899,6.171473,3199,5.8672733,-300
665,6.8857226,1875,6.544796,3733,5.5706925,-1858
666,5.7695255,2593,6.279139,3785,5.51912,-1192
667,6.3766475,2731,6.2304673,3423,5.7590036,-692
668,5.508624,2931,6.1611977,3662,5.6089535,-731
669,5.0409536,2110,6.454225,3334,5.8008366,-1224
670,7.0357404,2938,6.1596117,3790,5.5146303,-852
671,5.00436,3193,6.062209,3697,5.5912066,-504
672,5.886023,2441,6.3432503,3700,5.5890465,-1259
673,6.522734,3153,6.0805006,4031,5.1956267,-878
674,5.2518044,2732,6.229968,3370,5.785295,-638
675,5.886023,2241,6.4053693,3051,5.9363313,-810
676,7.493495,2038,6.4833846,3285,5.832945,-1247
677,6.2005906,2484,6.326033,3570,5.6714907,-1086
678,6.721018,1600,6.6648245,1532,6.881301,68
679,6.3097153,1422,6.7611666,2492,6.256103,-1070
680,6.6018863,1836,6.5661974,1636,6.7738953,200
681,6.119129,2384,6.361853,3701,5.5889735,-1317
682,5.7447033,3044,6.1219444,1938,6.550658,1106
683,5.397929,1405,6.766547,2086,6.4725194,-681
684,6.236497,1638,6.640917,1949,6.5491943,-311
685,6.2756424,1631,6.64674,1354,7.0149283,277
686,6.0808697,1642,6.6398025,1615,6.8049297,27
687,5.2924213,2538,6.301736,3699,5.5894566,-1161
688,6.259558,1907,6.5302334,3516,5.699566,-1609
689,6.142607,1227,6.886522,1523,6.890562,-296
690,6.3664308,2834,6.1932,3495,5.713301,-661
691,7.266803,1441,6.7481785,825,7.6439786,616
692,6.1937523,2019,6.488121,3418,5.761834,-1399
693,5.0457525,2595,6.278827,3664,5.6068883,-1069
694,5.4317865,1920,6.5218525,3683,5.598502,-1763
695,6.999566,2104,6.4555993,1770,6.6665907,334
696,7.0963674,2235,6.407534,3665,5.6065016,-1430
697,5.8238797,1835,6.566505,3828,5.471872,-1993
698,7.3555613,2114,6.451983,2915,6.007265,-801
699,6.7692957,2863,6.182883,3631,5.6342216,-768
700,5.7212234,2864,6.1824956,1807,6.6272774,1057
701,7.1018233,3189,6.0636635,2797,6.074705,392
702,8.677781,1491,6.7338457,3780,5.523326,-2289
703,7.0127807,2474,6.329682,2189,6.417321,285
704,5.8238797,1319,6.824485,2529,6.2407618,-1210
705,5.638253,2636,6.265356,3539,5.688732,-903
706,6.7444863,3530,5.9262156,3635,5.631757,-105
707,6.113453,3518,5.934783,3644,5.625188,-126
708,8.408936,1285,6.83712,1158,7.1947975,127
709,6.7956085,3798,5.725434,3766,5.5454226,32
710,5.3767405,3200,6.0596066,3710,5.583206,-510
711,6.3564487,2285,6.3937964,1976,6.528942,309
712,6.07053,3698,5.826794,3834,5.4654593,-136
713,6.283913,2526,6.306386,2864,6.036674,-338
714,5.5528264,3199,6.0598016,2887,6.0197678,312
715,5.6575575,2233,6.409425,2552,6.2256336,-319
716,6.3766475,3659,5.8498187,3594,5.650557,65
717,5.56862,3261,6.0464783,3744,5.567522,-483
718,6.244049,2866,6.1819215,3836,5.4631577,-970
719,6.8236194,2107,6.4553537,2343,6.3239975,-236
720,5.9207826,2843,6.190415,3636,5.6298594,-793
721,6.58486,2667,6.254672,2554,6.2242136,113
722,7.258848,2462,6.3356338,3574,5.6697674,-1112
723,6.3664308,3534,5.923833,2914,6.007371,620
724,5.2218413,3666,5.844208,3572,5.671249,94
725,6.2517343,2414,6.3502035,3179,5.878229,-765
726,6.4947143,3064,6.1108866,3123,5.9004526,-59
727,6.161088,3020,6.1313043,2711,6.1283965,309
728,6.2517343,3108,6.094737,3846,5.4545155,-738
729,6.7444863,2800,6.207669,3820,5.483753,-1020
730,5.7695255,2134,6.4445825,2918,6.0060205,-784
731,8.309804,797,7.2521553,1221,7.1382394,-424
732,5.7447033,1961,6.5055885,3671,5.604989,-1710
733,6.65738,1101,6.9478035,2697,6.141095,-1596
734,5.7212234,2074,6.468189,2470,6.2682943,-396
735,5.2518044,2226,6.4116077,3528,5.69436,-1302
736,5.7695255,3561,5.912661,3585,5.654294,-24
737,6.7692957,2979,6.146538,3592,5.65183,-613
738,6.8857226,1566,6.6827617,1819,6.6124544,-253
739,6.7692957,1453,6.743439,2755,6.1020246,-1302
740,6.721018,1771,6.590289,1560,6.8538175,211
741,5.58501,3737,5.7901955,3400,5.773222,337
742,6.698753,3267,6.0452538,3082,5.923528,185
743,5.6020427,1349,6.803531,945,7.458808,404
744,7.160522,1531,6.707762,948,7.4508824,583
745,5.638253,3182,6.066308,1704,6.7227564,1478
746,6.4558077,3618,5.8876634,3013,5.957696,605
747,5.481473,3353,6.01475,1730,6.703421,1623
748,7.166853,1772,6.590164,994,7.379711,778
749,6.124881,2123,6.4487414,1765,6.6700263,358
750,5.6575575,3501,5.945253,3529,5.6942816,-28
751,5.6989484,3586,5.901996,3815,5.4890876,-229
752,5.537587,2156,6.4345226,2333,6.328693,-177
753,6.6380835,2076,6.4681582,1606,6.8078623,470
754,6.38711,1270,6.851912,2353,6.32119,-1083
755,5.060476,1271,6.851912,2352,6.32119,-1081
756,8.677781,2531,6.3035808,3054,5.9346423,-523
757,5.154896,1565,6.6827617,1818,6.6124544,-253
758,6.0409107,1736,6.5993867,2656,6.1707478,-920
759,5.853841,3736,5.7901955,3399,5.773222,337
760,5.7958527,3266,6.0452538,3083,5.923528,183
761,6.425853,2166,6.4314914,2117,6.4568367,49
762,6.425853,2165,6.4314914,2810,6.065422,-645
763,6.425853,2164,6.4314914,2829,6.058457,-665
764,8.886057,474,7.6687694,683,7.834789,-209
765,8.967784,701,7.385053,1150,7.2032304,-449
766,8.99482,439,7.7383804,1131,7.211016,-692
767,9.075204,534,7.604952,1022,7.339738,-488
768,8.886057,689,7.4001293,402,8.207868,287
769,8.853872,918,7.100663,1067,7.2956877,-149
770,2.5228786,4399,4.5644245,4616,3.2709935,-217
771,5.7695255,3988,5.448668,4441,4.0593266,-453
772,6.283913,3764,5.761417,4375,4.2733755,-611
773,9.075204,917,7.100663,1068,7.2956877,-151
774,5.629981,1020,7.0169563,97,8.666817,923
775,5.209993,772,7.270753,209,8.484552,563
776,9.092588,690,7.4001293,403,8.207868,287
777,5.199993,718,7.3465095,428,8.177137,290
778,4.929996,1049,6.990537,418,8.191467,631
779,9.030584,438,7.7383804,1130,7.2110176,-692
780,8.821023,473,7.6687694,682,7.83479,-209
781,5.9499607,833,7.214725,95,8.670677,738
782,5.35999,1053,6.983999,217,8.476264,836
783,9.003926,700,7.385053,1149,7.203231,-449
784,8.939302,589,7.549651,813,7.657813,-224
785,8.967784,533,7.604952,1021,7.339738,-488
786,5.83997,764,7.28342,92,8.673565,672
787,6.2499237,3748,5.777955,483,8.1321945,3265
788,8.045275,2939,6.158818,631,7.926299,2308
789,6.209926,4050,5.3197107,1082,7.284113,2968
790,3.6,4009,5.4047866,3439,5.74551,570
791,5.259992,4058,5.296552,2257,6.372598,1801
792,5.809971,3272,6.043447,915,7.508479,2357
793,7.6978855,1233,6.883739,803,7.6677876,430
794,4.759998,1711,6.6091337,2863,6.03691,-1152
795,4.88998,1859,6.559005,2908,6.0104494,-1049
796,5.35999,1984,6.50172,2786,6.087909,-802
797,8.040958,535,7.604509,941,7.466846,-406
798,8.387217,350,7.9215956,1567,6.84007,-1217
799,6.995249,1534,6.7059655,2213,6.4024343,-679
800,4.73518,2366,6.3669477,1785,6.651444,581
801,8.774691,1570,6.6815534,410,8.198418,1160
802,5.638253,1367,6.7900486,1394,6.9873276,-27
803,9.69897,43,8.955667,76,8.696638,-33
804,9.30103,16,9.222518,170,8.537113,-154
805,9.30103,17,9.187122,110,8.631771,-93
806,6.443577,3615,5.890034,1033,7.3256307,2582
807,4.0757203,4149,5.1260543,1685,6.7392254,2464
808,2.69897,4607,3.842254,4519,3.8041396,88
809,2.69897,4566,4.006057,4421,4.1278744,145
810,4.8632765,3217,6.0566564,883,7.550145,2334
811,8.408936,2443,6.3423376,3674,5.603668,-1231
812,3.8181562,2444,6.3423376,3673,5.603668,-1229
813,2.69897,4603,3.8662672,4478,3.9203537,125
814,7.36251,1313,6.8279824,840,7.6176367,473
815,6.3978314,1643,6.639507,714,7.797392,929
816,8.823909,332,7.9820585,2944,5.987689,-2612
817,8.481486,322,8.016648,3044,5.940242,-2722
818,7.567031,1509,6.72089,1629,6.782725,-120
819,6.5684752,1953,6.5075264,1097,7.261684,856
820,6.721018,1561,6.6855965,863,7.5756183,698
821,6.958213,980,7.0355396,1236,7.123707,-256
822,8.142668,85,8.697528,99,8.659012,-14
823,4.119186,4664,3.3533185,4595,3.391307,69
824,3.3187587,4645,3.6033647,4591,3.428045,54
825,3.7077436,4628,3.6902194,4566,3.5732028,62
826,8.58336,213,8.317803,178,8.532431,35
827,9.048662,144,8.539407,168,8.539735,-24
828,7.398918,437,7.7386303,141,8.581005,296
829,8.094744,545,7.5921025,149,8.572352,396
830,7.6978855,436,7.7435827,774,7.710193,-338
831,7.6978855,511,7.6225805,161,8.55113,350
832,8.486782,143,8.540472,151,8.570584,-8
833,8.094744,450,7.707813,58,8.73661,392
834,7.398918,454,7.706485,136,8.592133,318
835,7.398918,466,7.686429,68,8.718549,398
836,8.58336,214,8.316738,199,8.507248,15
837,8.094744,446,7.7169476,188,8.519543,258
838,7.956245,546,7.590377,146,8.5778265,400
839,7.398918,465,7.6865287,59,8.735187,406
840,8.58336,271,8.17596,148,8.576139,123
841,7.5982547,354,7.9089084,132,8.59786,222
842,7.9461536,353,7.909008,113,8.626304,240
843,9.69897,179,8.445849,257,8.414833,-78
844,9.522879,187,8.4325905,234,8.452555,-47
845,9.048662,145,8.535556,226,8.457572,-81
846,9.69897,232,8.275307,285,8.383932,-53
847,9.69897,192,8.4118805,333,8.320543,-141
848,6.88968,251,8.21509,616,7.9331923,-365
849,6.4947143,2528,6.3048453,3789,5.5149417,-1261
850,4.7695484,4084,5.2463694,3749,5.5642657,335
851,5.4559197,4069,5.26635,3791,5.513034,278
852,7.7931743,2083,6.465281,2546,6.2286177,-463
853,5.1739187,3700,5.8257008,3105,5.911422,595
854,4.107905,3694,5.8288064,2210,6.403863,1484
855,5.56862,3716,5.8058944,2018,6.5033083,1698
856,4.9030867,3623,5.8844686,2297,6.3439007,1326
857,8.229148,2080,6.4672265,3328,5.8036156,-1248
858,8.744727,1171,6.9096956,1348,7.0216374,-177
859,6.5798793,577,7.5656214,743,7.763122,-166
860,4.650002,4251,4.9064775,4100,5.074972,151
861,5.2441177,4244,4.926121,3988,5.2726088,256
862,4.3467865,4243,4.926121,3987,5.2726088,256
863,7.1420646,2810,6.2041526,2617,6.187174,193
864,5.0222716,2190,6.4269977,3214,5.862567,-1024
865,5.6575575,2189,6.4269977,3211,5.862567,-1022
866,6.920457,2978,6.146545,3314,5.8147016,-336
867,5.1487355,1833,6.5680485,1353,7.016103,480
868,7.283162,3219,6.0562525,2977,5.973917,242
869,5.2006526,1832,6.5680485,1352,7.016103,480
870,5.9585676,2188,6.4269977,3216,5.862567,-1028
871,5.4559197,2187,6.4269977,3212,5.862567,-1025
872,5.4559197,3001,6.139074,3650,5.6204963,-649
873,6.853562,3303,6.036378,3453,5.740162,-150
874,6.443577,2691,6.2443013,3477,5.7247314,-786
875,6.8236194,2880,6.178241,3599,5.6494756,-719
876,5.207601,3241,6.052364,3454,5.739194,-213
877,5.207601,2186,6.4269977,3210,5.862567,-1024
878,6.2005906,1691,6.6241727,1953,6.5481267,-262
879,6.920457,2971,6.1480613,2803,6.071641,168
880,6.537452,2665,6.255405,1845,6.6004686,820
881,6.721018,1693,6.6241727,1955,6.5481267,-262
882,5.3767405,2396,6.359146,2823,6.0593143,-427
883,7.336299,3430,5.9776697,3956,5.3013287,-526
884,5.4317865,2185,6.4269977,3215,5.862567,-1030
885,6.142607,1694,6.6241727,1954,6.5481267,-260
886,6.508498,3179,6.0702753,4035,5.181493,-856
887,9.0,2650,6.259492,2177,6.426074,473
888,8.455932,2579,6.284331,1831,6.601758,748
889,6.8236194,2502,6.3164206,3901,5.3784747,-1399
890,5.9585676,3596,5.898216,3373,5.78397,223
891,5.7212234,3077,6.106099,3961,5.2936697,-884
892,5.7695255,2847,6.1888494,1980,6.5271335,867
893,5.9207826,3043,6.1219845,2379,6.3089237,664
894,6.698753,2560,6.2940855,2975,5.9744587,-415
895,7.0127807,3595,5.8983965,3660,5.6107016,-65
896,5.481473,3668,5.843204,2476,6.2661943,1192
897,5.853841,2879,6.178241,3598,5.6494756,-719
898,6.721018,2435,6.345841,3040,5.9435225,-605
899,5.6575575,3426,5.983859,3491,5.714527,-65
900,6.283913,3589,5.901567,2987,5.968939,602
901,6.508498,3553,5.9162483,2618,6.1870117,935
902,6.2290745,3367,6.007442,2566,6.215393,801
903,5.508624,3489,5.950553,3768,5.5434732,-279
904,6.1803904,3240,6.053135,3722,5.578187,-482
905,6.698753,2372,6.365772,2907,6.0109925,-535
906,6.677574,2654,6.257415,3131,5.8968987,-477
907,5.9207826,3673,5.8417244,2714,6.125703,959
908,5.537587,3581,5.903696,3166,5.8829894,415
909,5.886023,2592,6.279397,2272,6.3642693,320
910,6.920457,3772,5.751045,3702,5.5878887,70
911,5.6575575,2840,6.1910987,3595,5.6499524,-755
912,6.5526867,1692,6.6241727,1952,6.548127,-260
913,5.67776,3361,6.013086,3575,5.6684895,-214
914,5.7695255,2243,6.4038296,2790,6.0849,-547
915,5.886023,3403,5.992024,2821,6.0612793,582
916,6.5684752,1923,6.5205445,2670,6.16276,-747
917,5.397929,3190,6.0634675,3753,5.5610876,-563
918,5.6020427,3703,5.820482,3163,5.886545,540
919,6.58486,3034,6.127464,3511,5.701619,-477
920,5.3767405,3035,6.127235,4222,4.782815,-1187
921,6.0409107,2218,6.4170465,2747,6.1088305,-529
922,6.2675257,3585,5.9027214,2801,6.0726748,784
923,6.1366177,3057,6.1157713,3655,5.616404,-598
924,5.9207826,3016,6.1318045,2998,5.962266,18
925,6.408824,3467,5.962418,3164,5.884512,303
926,5.214663,3602,5.894278,1968,6.5364127,1634
927,7.045275,2664,6.255405,1844,6.600469,820
928,5.2365646,3155,6.0801353,2875,6.029407,280
929,7.166853,3552,5.9163995,4104,5.0669823,-552
930,6.8857226,1578,6.6793528,2935,5.9946833,-1357
931,5.56862,3492,5.9501038,3945,5.327866,-453
932,5.6989484,2184,6.4269977,3213,5.862567,-1029
933,5.214663,2242,6.4042654,4025,5.199856,-1783
934,7.0039263,1584,6.676116,2175,6.4283123,-591
935,6.2756424,2973,6.14773,3800,5.506357,-827
936,7.2211256,3505,5.9441485,3019,5.953315,486
937,5.9207826,2510,6.31445,3218,5.861015,-708
938,6.443577,1935,6.517046,2847,6.0426083,-912
939,6.4813547,2338,6.3775887,2965,5.9792976,-627
940,7.045275,3308,6.034396,3951,5.311253,-643
941,6.3097153,1791,6.5819798,2528,6.2414618,-737
942,8.677781,1573,6.680342,1981,6.5263953,-408
943,5.9585676,3385,6.0020313,2374,6.3104854,1011
944,6.8236194,2963,6.1500554,3566,5.672427,-603
945,5.58501,2647,6.259948,3677,5.6023417,-1030
946,5.8238797,2586,6.2812343,2269,6.365691,317
947,5.7958527,3529,5.9272785,3936,5.339286,-407
948,5.886023,3485,5.9540586,4012,5.2187586,-527
949,6.119129,2509,6.314509,3913,5.3720465,-1404
950,5.6197705,3344,6.0172787,3160,5.887335,184
951,5.7447033,2006,6.494176,3264,5.8434744,-1258
952,6.0314703,3288,6.038412,2862,6.0369177,426
953,7.0501223,3604,5.8934574,3377,5.78243,227
954,5.6020427,3472,5.960643,1587,6.821714,1885
955,5.638253,3042,6.123033,2255,6.374252,787
956,6.537452,1884,6.5409174,1791,6.6454544,93
957,5.481473,2498,6.3205204,3189,5.8716545,-691
958,5.7447033,3316,6.0302844,2489,6.2592525,827
959,5.3767405,3826,5.6796255,3520,5.6985054,306
960,5.481473,3868,5.635254,2822,6.060196,1046
961,5.2441177,3453,5.9699793,3162,5.8865724,291
962,6.161088,3289,6.0381436,3678,5.602138,-389
963,5.397929,3275,6.042899,1443,6.9508166,1832
964,5.2006526,3839,5.665053,3551,5.6841173,288
965,7.386158,2370,6.366345,3847,5.4532413,-1477
966,5.8238797,2013,6.491598,2533,6.238744,-520
967,5.4685082,3446,5.9726996,1853,6.592889,1593
968,5.31875,3584,5.9028573,3676,5.6028476,-92
969,5.7212234,2678,6.2490087,3596,5.649914,-918
970,6.32781,3651,5.857775,3825,5.4788,-174
971,6.1366177,3486,5.9537544,1709,6.7204704,1777
972,5.7447033,3548,5.9185367,3559,5.6773725,-11
973,5.67776,3243,6.0522475,2917,6.0064106,326
974,6.3186684,2898,6.172158,2540,6.2338667,358
975,5.853841,2649,6.259492,2178,6.426074,471
976,6.522734,3056,6.116421,2837,6.050642,219
977,5.4317865,3648,5.8625712,3037,5.945517,611
978,6.32781,3684,5.8329864,3822,5.482128,-138
979,5.8238797,3031,6.1276913,3248,5.8495064,-217
980,5.6989484,3522,5.931062,2265,6.367887,1257
981,6.3371477,2943,6.157271,2832,6.0540895,111
982,6.1486807,3304,6.035431,3109,5.9085293,195
983,5.4559197,2852,6.1865954,3201,5.86666,-349
984,5.8238797,1697,6.620977,1970,6.5359106,-273
985,5.6575575,2395,6.359146,2824,6.0593143,-429
986,5.508624,1557,6.6891336,2956,5.983083,-1399
987,5.6989484,2044,6.4808254,1659,6.7595634,385
988,6.4947143,2472,6.330294,3122,5.901802,-650
989,5.309795,3720,5.802463,3858,5.4401455,-138
990,6.3564487,1874,6.54732,2170,6.4291077,-296
991,5.060476,3278,6.0417223,3658,5.6132946,-380
992,9.866461,3455,5.966064,2284,6.3552732,1171
993,7.419075,3154,6.080407,2846,6.0453734,308
994,7.419075,1187,6.8994174,640,7.9101524,547
995,10.0,289,8.100367,486,8.127262,-197
996,7.5285616,1056,6.981566,3273,5.8391504,-2217
997,3.30103,4589,3.9353526,4530,3.7547233,59
998,3.39794,4613,3.7982767,4560,3.6126277,53
999,4.0915146,4623,3.724611,4525,3.7868516,98
1000,5.5199857,4297,4.815267,3485,5.7179904,812
1001,6.167427,3731,5.7935295,3937,5.33827,-206
1002,7.6556077,2902,6.1714087,4229,4.7755833,-1327
1003,5.6575575,3901,5.5858774,4096,5.078806,-195
1004,5.275716,3978,5.463706,4111,5.0577397,-133
1005,6.3186684,4027,5.376535,4060,5.1328626,-33
1006,6.999566,3645,5.8686957,4233,4.763,-588
1007,5.3767405,3547,5.9186716,4101,5.0736437,-554
1008,5.397929,3509,5.9421406,4122,5.0288205,-613
1009,5.638253,4108,5.195723,4056,5.141766,52
1010,5.853841,3797,5.725629,4002,5.240762,-205
1011,6.0087295,3323,6.026261,4116,5.037008,-793
1012,6.214599,3796,5.726295,4006,5.2339964,-210
1013,5.124933,3594,5.8997884,4034,5.1843047,-440
1014,5.67776,3650,5.857997,3950,5.3118944,-300
1015,7.600326,3393,5.995928,3831,5.4669037,-438
1016,6.113453,3510,5.942097,4089,5.0883913,-579
1017,6.58486,2493,6.3219385,4043,5.1733294,-1550
1018,5.6575575,4129,5.1553745,4189,4.8616066,-60
1019,5.4948363,3809,5.7025275,4169,4.9176116,-360
1020,5.508624,3091,6.1021056,4208,4.812089,-1117
1021,6.38711,3927,5.546859,3941,5.3361025,-14
1022,7.008331,3536,5.923584,3927,5.349553,-391
1023,6.65738,3554,5.915911,4036,5.180749,-482
1024,5.4317865,4088,5.2310843,4164,4.9406843,-76
1025,5.7447033,3482,5.955647,4130,5.0181155,-648
1026,7.075204,2643,6.260405,4205,4.822965,-1562
1027,7.454693,3360,6.013621,3833,5.466336,-473
1028,6.522734,2968,6.1493797,4153,4.9557123,-1185
1029,5.3872056,4002,5.415421,4110,5.057783,-108
1030,6.7444863,3608,5.89199,4069,5.112384,-461
1031,5.638253,3514,5.9393783,3694,5.5924377,-180
1032,6.2923446,3689,5.8314266,4062,5.1275487,-373
1033,7.419075,2710,6.238294,3964,5.289265,-1254
1034,6.3186684,3727,5.796271,4145,4.9878674,-418
1035,5.6197705,3995,5.426186,4175,4.8984656,-180
1036,5.7695255,3681,5.835438,4011,5.2195053,-330
1037,9.09691,1212,6.8890824,844,7.611817,368
1038,9.031517,61,8.828319,32,8.825121,29
1039,8.094744,2954,6.1528316,1179,7.1692853,1775
1040,8.193142,1765,6.592242,1537,6.8765345,228
1041,5.499986,2144,6.440314,1323,7.0436535,821
1042,7.6978855,2987,6.1429877,1367,7.0074797,1620
1043,4.0705805,3908,5.580955,3512,5.70093,396
1044,7.3001623,2031,6.4859366,1156,7.197123,875
1045,7.6556077,3794,5.7279315,4131,5.0171657,-337
1046,4.508637,4443,4.462342,4383,4.257296,60
1047,6.0968556,2137,6.4428487,1937,6.5506926,200
1048,9.920818,1256,6.859479,374,8.245744,882
1049,7.398918,2147,6.436966,1298,7.0657897,849
1050,7.396856,3841,5.6640043,417,8.191578,3424
1051,5.6989484,3610,5.891191,3957,5.2963543,-347
1052,5.6219473,3993,5.430917,4193,4.8558564,-200
1053,5.56862,2024,6.4877105,2468,6.269769,-444
1054,4.368555,2299,6.390342,2936,5.9935603,-637
1055,6.681728,1873,6.5493956,1385,6.9911184,488
1056,7.3001623,475,7.668423,255,8.4169235,220
1057,7.3001623,587,7.552266,739,7.7700863,-152
1058,4.698968,4101,5.208934,3855,5.4426727,246
1059,8.966577,334,7.9707603,1335,7.0309963,-1001
1060,6.999566,1481,6.7376432,1374,7.001004,107
1061,3.5654309,4662,3.3985627,4624,3.2360885,38
1062,8.142668,3006,6.137585,1092,7.272236,1914
1063,6.950394,3825,5.6842065,1621,6.7954226,2204
1064,6.1803904,3957,5.50888,2561,6.220194,1396
1065,9.30103,94,8.684605,1744,6.696879,-1650
1066,8.619789,331,7.988168,2472,6.267711,-2141
1067,7.160522,1037,7.004271,2254,6.3746576,-1217
1068,4.886053,1540,6.702746,1552,6.8653994,-12
1069,8.866461,77,8.747831,196,8.509241,-119
1070,8.040958,206,8.333715,396,8.213704,-190
1071,7.9956784,226,8.294411,543,8.072491,-317
1072,8.091515,218,8.309428,458,8.145478,-240
1073,8.091515,217,8.309428,526,8.082992,-309
1074,7.767004,210,8.329416,430,8.174408,-220
1075,7.6757174,224,8.2991495,597,7.9631414,-373
1076,7.6757174,451,7.707665,500,8.105596,-49
1077,5.406703,4192,5.0442157,4177,4.89013,15
1078,5.289874,4130,5.15338,4081,5.098884,49
1079,4.459669,4106,5.200716,4074,5.1093826,32
1080,5.7447033,4211,5.0009294,4082,5.09867,129
1081,5.500299,4155,5.1041303,4090,5.0874414,65
1082,4.435333,4176,5.0754633,4079,5.1043773,97
1083,5.158634,4223,4.970417,3959,5.2952943,264
1084,6.32781,3634,5.879735,3458,5.737727,176
1085,6.167427,3521,5.9314814,2682,6.151594,839
1086,6.0314703,3565,5.91155,2759,6.096394,806
1087,6.1738605,3575,5.906511,2788,6.0862083,787
1088,6.119129,3778,5.744048,3193,5.8702397,585
1089,6.124881,3805,5.711429,3396,5.7746787,409
1090,6.142607,3725,5.7980695,2802,6.0723577,923
1091,6.207538,3187,6.0639453,3029,5.9477544,158
1092,5.2596292,3147,6.0820327,2455,6.2797627,692
1093,3.4999998,4644,3.6084745,4432,4.0889606,212
1094,3.8999996,4535,4.1823373,4433,4.081412,102
1095,8.982966,1276,6.845918,2386,6.305475,-1110
1096,8.251812,3039,6.124661,518,8.096428,2521
1097,6.799724,1419,6.7626,856,7.590232,563
1098,6.49986,1459,6.741924,689,7.831004,770
1099,8.769551,817,7.2244925,468,8.134181,349
1100,6.5684752,906,7.1080728,1674,6.744996,-768
1101,7.442493,1683,6.625531,2771,6.096324,-1088
1102,6.677574,2684,6.246105,2909,6.0102253,-225
1103,5.6197705,905,7.1080728,1678,6.744996,-773
1104,6.6380835,1685,6.625531,2770,6.096324,-1085
1105,6.004321,2150,6.4365587,2204,6.40971,-54
1106,7.075204,1684,6.625531,2768,6.096324,-1084
1107,7.50724,904,7.1080728,1675,6.744996,-771
1108,5.58501,1682,6.625531,2773,6.096324,-1091
1109,7.696804,1681,6.625531,2767,6.096324,-1086
1110,6.4813547,908,7.1080728,1673,6.744996,-765
1111,6.2517343,2275,6.3972,2844,6.0474815,-569
1112,6.537452,1680,6.625531,2766,6.096324,-1086
1113,5.207601,1527,6.7104516,3392,5.775709,-1865
1114,5.7447033,849,7.1809773,1602,6.811118,-753
1115,6.0808697,1679,6.625531,2769,6.096324,-1090
1116,6.698753,1678,6.625531,2762,6.096324,-1084
1117,7.375718,909,7.1080728,1677,6.744996,-768
1118,5.7958527,1090,6.957804,2329,6.3290186,-1239
1119,5.4436855,2461,6.336017,2950,5.984459,-489
1120,9.229148,855,7.1809773,1601,6.811118,-746
1121,6.920457,1089,6.957804,2331,6.3290186,-1242
1122,5.9585676,2616,6.271956,2814,6.064089,-198
1123,5.2518044,3640,5.8750606,2038,6.4901676,1602
1124,6.0968556,1686,6.625531,2765,6.096324,-1079
1125,8.443698,856,7.1809773,1599,6.811118,-743
1126,6.004321,2614,6.271956,2815,6.064089,-201
1127,5.3767405,854,7.1809773,1596,6.811118,-742
1128,8.79588,1676,6.625531,2763,6.096324,-1087
1129,7.954677,1583,6.676725,2952,5.983224,-1369
1130,8.431798,1675,6.625531,2761,6.096324,-1086
1131,6.4813547,1674,6.625531,2760,6.096324,-1086
1132,5.9207826,2418,6.348545,1905,6.563265,513
1133,5.8238797,2112,6.452902,2903,6.014286,-791
1134,8.481486,853,7.1809773,1598,6.811118,-745
1135,6.999566,1088,6.957804,2330,6.3290186,-1242
1136,8.823909,852,7.1809773,1603,6.811118,-751
1137,7.1999707,1677,6.625531,2764,6.096324,-1087
1138,6.7692957,1889,6.5393443,1984,6.524377,-95
1139,5.886023,851,7.1809773,1600,6.811118,-749
1140,5.638253,1526,6.7104516,3391,5.775709,-1865
1141,6.698753,910,7.1080728,1676,6.744996,-766
1142,8.2218485,1456,6.742245,1778,6.6543646,-322
1143,5.5528264,2172,6.430191,3134,5.895209,-962
1144,9.173925,883,7.1424484,1847,6.6000814,-964
1145,5.408924,2875,6.179623,3323,5.8084545,-448
1146,5.9585676,2325,6.381754,3243,5.8510838,-918
1147,5.56862,2777,6.21382,3094,5.918456,-317
1148,5.1307626,3674,5.841396,2795,6.0767207,879
1149,5.4948363,2334,6.378121,2394,6.3018227,-60
1150,5.7447033,3103,6.0974383,2629,6.1826797,474
1151,5.408924,2683,6.2463574,2423,6.298134,260
1152,5.6197705,2468,6.3338776,3532,5.692302,-1064
1153,7.1420646,3123,6.089983,2853,6.0387807,270
1154,5.9207826,1885,6.5408473,2615,6.188722,-730
1155,5.6020427,3125,6.089657,2567,6.2151175,558
1156,5.00436,3018,6.1316133,2383,6.306567,635
1157,6.7956085,2566,6.2930794,2979,5.97226,-413
1158,6.6018863,907,7.1080728,1672,6.744996,-765
1159,5.9585676,3398,5.995004,3947,5.3272095,-549
1160,5.56862,3693,5.8289046,2852,6.0391536,841
1161,5.6575575,2916,6.166323,2928,5.9988513,-12
1162,5.853841,3172,6.0728974,3237,5.8543863,-65
1163,5.3665214,2060,6.475021,2749,6.1080027,-689
1164,5.7695255,2367,6.366449,2754,6.102799,-387
1165,7.7931743,2356,6.370053,2725,6.116556,-369
1166,5.638253,2915,6.1663933,2721,6.121361,194
1167,5.8238797,2998,6.139342,2827,6.0590324,171
1168,5.00436,1543,6.7004776,2792,6.0823455,-1249
1169,6.7444863,2521,6.3077936,2869,6.033025,-348
1170,5.7212234,3528,5.9283257,2948,5.985371,580
1171,5.886023,1091,6.957804,2332,6.3290186,-1241
1172,5.853841,3015,6.1318603,2925,6.0016556,90
1173,6.958213,3094,6.101552,2325,6.333521,769
1174,6.420102,2797,6.208047,2268,6.3666606,529
1175,6.5684752,1569,6.6822796,2253,6.3748198,-684
1176,5.58501,3143,6.0830517,3206,5.865038,-63
1177,5.886023,2670,6.2526355,2793,6.081664,-123
1178,5.9207826,3030,6.1287193,3293,5.825958,-263
1179,5.853841,3341,6.020305,3069,5.9295354,272
1180,5.886023,2857,6.18505,2796,6.07526,61
1181,5.5228643,3366,6.0075154,2812,6.0644407,554
1182,5.58501,3037,6.126213,2726,6.114709,311
1183,6.853562,1410,6.7645407,3143,5.89186,-1733
1184,6.4558077,2784,6.2110133,2981,5.9716516,-197
1185,5.67776,2158,6.4342012,2751,6.107264,-593
1186,5.4436855,2429,6.346602,2794,6.07763,-365
1187,5.7695255,1716,6.6077676,2830,6.0568266,-1114
1188,5.638253,2845,6.19009,3118,5.905506,-273
1189,6.0361648,2151,6.4365587,2203,6.40971,-52
1190,6.443577,1797,6.5804486,3446,5.7438107,-1649
1191,5.886023,1946,6.5116334,2279,6.3587985,-333
1192,5.481473,2805,6.2065077,2857,6.037301,-52
1193,7.636388,1673,6.625531,2772,6.096324,-1099
1194,7.154282,2332,6.3791575,2868,6.0334635,-536
1195,7.6757174,893,7.119013,1724,6.707595,-831
1196,5.7447033,2163,6.432086,3888,5.396632,-1725
1197,5.56862,1877,6.5439496,2447,6.2843575,-570
1198,5.56862,2951,6.1532164,3803,5.5058775,-852
1199,7.0127807,1373,6.786139,3261,5.8440237,-1888
1200,5.56862,2440,6.3436403,3944,5.329615,-1504
1201,5.9207826,2037,6.4843044,3823,5.4814205,-1786
1202,5.9207826,1338,6.813079,2716,6.1249456,-1378
1203,5.31875,3311,6.032078,2874,6.0297537,437
1204,5.275716,3568,5.9104934,3048,5.938554,520
1205,9.21467,1065,6.970549,1540,6.8749466,-475
1206,5.4948363,2666,6.254908,2463,6.274523,203
1207,8.853872,2563,6.293753,2992,5.9644046,-429
1208,6.4316807,1834,6.566776,2756,6.099334,-922
1209,5.508624,1555,6.6907372,2845,6.046303,-1290
1210,8.744727,850,7.1809773,1597,6.811118,-747
1211,6.086133,2615,6.271956,2816,6.064089,-201
1212,6.508498,2377,6.363803,3024,5.949584,-647
1213,5.2218413,2357,6.369541,3229,5.857109,-872
1214,5.7447033,2660,6.256743,2707,6.1359534,-47
1215,5.346778,3755,5.7745433,3274,5.8384986,481
1216,6.4813547,1945,6.5118027,2547,6.227957,-602
1217,6.1738605,2895,6.1725507,2951,5.983285,-56
1218,5.2839885,2561,6.294051,2976,5.974072,-415
1219,5.537587,1597,6.6678557,2978,5.9738674,-1381
1220,5.508624,2162,6.43225,2454,6.27989,-292
1221,6.3766475,1757,6.5960917,2395,6.3015194,-638
1222,5.508624,2116,6.451547,3857,5.4406614,-1741
1223,5.5528264,3758,5.769586,3224,5.858317,534
1224,6.4683933,1467,6.7400174,3818,5.486162,-2351
1225,8.229148,1112,6.9440365,1542,6.8745203,-430
1226,5.275716,2870,6.1808076,3693,5.593603,-823
1227,6.2756424,2946,6.155508,3022,5.951235,-76
1228,9.408936,3490,5.950209,3135,5.8948603,355
1229,9.924453,754,7.2997003,1183,7.163352,-429
1230,9.619789,3029,6.1288238,3406,5.769972,-377
1231,7.5214334,1018,7.0177865,1890,6.577388,-872
1232,5.890725,3301,6.0369654,2366,6.3136835,935
1233,6.325047,1156,6.9144526,2192,6.4143057,-1036
1234,6.535958,3503,5.944555,3220,5.8594465,283
1235,5.8238797,3255,6.049146,4339,4.398612,-1084
1236,9.920818,313,8.053889,1,9.632291,312
1237,9.9914,198,8.376646,3,9.475165,195
1238,9.962573,139,8.573958,5,9.244192,134
1239,9.920818,184,8.436407,2,9.57533,182
1240,6.3978314,1114,6.9436655,859,7.5829926,255
1241,6.15484,3844,5.662358,2889,6.019022,955
1242,6.5684752,2182,6.428187,1073,7.290104,1109
1243,5.638253,1556,6.689492,832,7.626651,724
1244,6.596708,983,7.0338387,1154,7.198803,-171
1245,8.283997,175,8.460879,221,8.468529,-46
1246,5.537587,4025,5.3826537,4112,5.0571337,-87
1247,9.21467,649,7.45269,1415,6.9652634,-766
1248,9.723538,26,9.0857,654,7.8861923,-628
1249,8.420217,838,7.202805,995,7.3778152,-157
1250,6.459871,2433,6.3463078,1776,6.658353,657
1251,6.999566,2246,6.4030766,1387,6.9906597,859
1252,6.999566,2795,6.2082148,1337,7.0292654,1458
1253,7.317855,2245,6.4030766,1388,6.9906597,857
1254,7.0501223,2794,6.2082148,1338,7.0292654,1456
1255,7.365523,2244,6.4030766,900,7.5320287,1344
1256,5.3946843,962,7.053305,784,7.6874027,178
1257,6.6380835,1518,6.716098,312,8.351972,1206
1258,6.920457,1585,6.675602,669,7.859952,916
1259,6.1803904,433,7.7550235,454,8.147699,-21
1260,7.567031,585,7.559613,66,8.725552,519
1261,7.551294,532,7.6051054,203,8.497059,329
1262,4.4559307,3837,5.6664023,4176,4.891102,-339
1263,5.207601,3788,5.7342076,4152,4.9636145,-364
1264,5.638253,3884,5.605292,4453,4.02026,-569
1265,5.58501,3990,5.443508,4398,4.1974883,-408
1266,5.0457525,3877,5.6181626,4092,5.0831327,-215
1267,5.0654964,3819,5.690278,4446,4.0445943,-627
1268,5.1938133,3882,5.6114593,2224,6.393556,1658
1269,4.522877,3878,5.616532,4377,4.27225,-499
1270,5.6989484,3791,5.732964,4364,4.3262634,-573
1271,6.1402016,440,7.7353883,427,8.177186,13
1272,7.821023,476,7.667561,82,8.687281,394
1273,6.6593575,401,7.7962904,639,7.911521,-238
1274,6.4595456,415,7.7788424,754,7.749269,-339
1275,7.258848,327,7.999255,134,8.595882,193
1276,5.7700367,1862,6.5553966,515,8.09676,1347
1277,7.821023,277,8.140734,295,8.378557,-18
1278,8.49485,366,7.8923893,370,8.251596,-4
1279,4.6599903,1784,6.5851436,30,8.850178,1754
1280,3.8200002,2084,6.465074,212,8.480604,1872
1281,4.9899926,1499,6.732141,3184,5.875261,-1685
1282,6.698753,1242,6.8658977,650,7.8924704,592
1283,5.990082,1430,6.7572737,1312,7.0558076,118
1284,6.0798244,709,7.363355,2182,6.42389,-1473
1285,6.889074,1368,6.7899547,1182,7.1634626,186
1286,6.850473,3186,6.0643935,913,7.50893,2273
1287,8.995679,209,8.332974,610,7.9447865,-401
1288,9.619789,345,7.9417796,662,7.8698997,-317
1289,6.119701,1496,6.732194,345,8.303906,1151
1290,5.6199517,3632,5.8797994,1477,6.9314566,2155
1291,5.669972,3312,6.0319743,668,7.8627806,2644
1292,4.1099977,3609,5.8914437,1330,7.038057,2279
1293,4.4099936,2675,6.250201,1647,6.766118,1028
1294,5.1601386,3194,6.061935,512,8.099505,2682
1295,5.049971,3159,6.079278,854,7.601943,2305
1296,6.931443,2095,6.458598,851,7.6020403,1244
1297,7.0404816,2827,6.195471,846,7.611048,1981
1298,4.3299947,3328,6.025294,349,8.291168,2979
1299,3.8999982,3285,6.039237,719,7.7887383,2566
1300,3.6861327,4499,4.2745028,4475,3.9283683,24
1301,3.638272,4462,4.363622,4491,3.8872142,-29
1302,2.9586072,4482,4.3213267,4535,3.7399302,-53
1303,3.2564902,4540,4.132783,4259,4.7000713,281
1304,4.25806,4228,4.958178,4705,2.3004954,-477
1305,2.0004344,4212,4.9948387,4702,2.330103,-490
1306,2.6013656,4229,4.958178,4704,2.3004954,-475
1307,2.0001304,4213,4.9948387,4701,2.330103,-488
1308,4.2276773,4180,5.067347,4690,2.55779,-510
1309,6.999566,4193,5.042825,4687,2.5813935,-494
1310,6.214599,3291,6.037846,4400,4.1969376,-1109
1311,6.698753,3330,6.0250125,4132,5.0125256,-802
1312,3.0457575,3165,6.0758796,4086,5.0898952,-921
1313,5.3872056,3942,5.527774,4452,4.023171,-510
1314,5.1307626,3639,5.8758225,4403,4.192353,-764
1315,4.886053,3540,5.9225783,4395,4.205983,-855
1316,4.522877,3447,5.972318,4300,4.5619264,-853
1317,5.2839885,3914,5.570717,4381,4.259725,-467
1318,2.5228786,4520,4.215083,4518,3.805199,2
1319,2.5228786,4605,3.8494692,4583,3.486687,22
1320,7.3001623,4295,4.817841,4414,4.162856,-119
1321,4.9586034,4170,5.0885024,4328,4.450164,-158
1322,5.3767405,4305,4.7962923,4389,4.242319,-84
1323,5.154896,4105,5.2013726,2856,6.037506,1249
1324,4.3419876,4146,5.1285458,4536,3.7359955,-390
1325,3.30103,4165,5.0943284,4461,3.971545,-296
1326,3.30103,4128,5.155529,4594,3.4161997,-466
1327,3.0,4218,4.973187,4669,2.7846467,-451
1328,6.3097153,4060,5.288899,2478,6.264971,1582
1329,6.408824,4061,5.288899,2477,6.264971,1584
1330,5.1674848,4233,4.9502206,4344,4.378842,-111
1331,5.9207826,4234,4.9502206,4343,4.378842,-109
1332,5.029974,3829,5.6775527,3715,5.5814714,114
1333,4.4999957,3828,5.6775527,3629,5.635369,199
1334,4.2500005,3830,5.6775527,3698,5.590643,132
1335,7.91364,3941,5.5288405,3108,5.9099183,833
1336,7.8124795,3814,5.695651,3081,5.923591,733
1337,6.787546,4207,5.0125756,4281,4.6249065,-74
1338,6.73969,4086,5.2332478,4302,4.5480204,-216
1339,4.6382704,4293,4.8192835,4303,4.546361,-10
1340,5.67776,4250,4.9092546,4316,4.503975,-66
1341,6.65738,1274,6.848213,1922,6.558576,-648
1342,6.721018,1272,6.848213,1923,6.558576,-651
1343,6.508498,998,7.02466,194,8.510866,804
1344,6.999566,3572,5.9078074,4148,4.9814005,-576
1345,5.1899624,1670,6.6256833,334,8.320267,1336
1346,7.118615,1955,6.5067677,127,8.603676,1828
1347,6.829445,1942,6.513462,2970,5.9761114,-1028
1348,6.77963,2008,6.4925947,1378,6.995674,630
1349,6.850473,2254,6.400727,3918,5.363122,-1664
1350,6.8693447,1576,6.6794777,467,8.134751,1109
1351,7.118615,1930,6.5187874,906,7.523732,1024
1352,6.8383327,2072,6.468572,3724,5.5771646,-1652
1353,8.769551,1265,6.8536797,1706,6.721945,-441
1354,7.493495,1113,6.9440293,344,8.307067,769
1355,6.8857226,2606,6.2758813,372,8.248732,2234
1356,5.9871206,2064,6.47208,386,8.224989,1678
1357,6.2517343,1872,6.5497923,575,8.022765,1297
1358,7.430626,3284,6.039827,273,8.396207,3011
1359,5.189089,2290,6.3929033,338,8.3127165,1952
1360,5.5316377,3188,6.0637903,1471,6.9332685,1717
1361,5.869634,2832,6.1938977,1017,7.34476,1815
1362,6.1738605,2248,6.402926,432,8.170473,1816
1363,5.6635203,2361,6.3677936,341,8.309193,2020
1364,5.3487124,3377,6.0051327,1204,7.1483665,2173
1365,6.244049,1860,6.5558324,231,8.452675,1629
1366,7.636388,137,8.574976,74,8.708626,63
1367,6.920457,405,7.7921505,75,8.70717,330
1368,6.8236194,369,7.882118,69,8.715189,300
1369,9.39794,386,7.8240438,2572,6.20995,-2186
1370,8.585027,528,7.6122165,131,8.6008835,397
1371,3.7055335,4433,4.4764166,4217,4.7879906,216
1372,4.0705805,4432,4.4764166,4221,4.7879906,211
1373,4.7695484,4431,4.4764166,4219,4.7879906,212
1374,4.200659,4430,4.4764166,4220,4.7879906,210
1375,4.585025,4388,4.605486,4218,4.7879906,170
1376,4.698968,4429,4.4764166,4198,4.8419213,231
1377,4.5376005,4428,4.4764166,4216,4.7879915,212
1378,3.8181562,4417,4.4958572,4004,5.2401924,413
1379,3.8181562,4427,4.4764166,4133,5.0075426,294
1380,4.508637,4434,4.4764166,4165,4.936261,269
1381,3.6478174,4426,4.4764166,4195,4.8504086,231
1382,3.7644713,4425,4.4764166,4234,4.7579193,191
1383,4.657575,4378,4.6340113,4199,4.8419213,179
1384,3.7772832,4424,4.4764166,4215,4.7879915,209
1385,2.070581,4648,3.5658164,4539,3.7187126,109
1386,2.2676063,4594,3.9092407,4182,4.884584,412
1387,2.19382,4604,3.850903,4526,3.7788854,78
1388,5.6989484,3271,6.043577,2136,6.4446783,1135
1389,5.267598,3270,6.043577,2222,6.397436,1048
1390,4.8477087,4023,5.38344,3549,5.684556,474
1391,4.823906,4022,5.38344,3680,5.6004057,342
1392,5.4317865,3487,5.952602,2295,6.3445053,1192
1393,4.3665304,4204,5.0163393,3564,5.6755056,640
1394,6.999566,3966,5.4888635,4173,4.904669,-207
1395,4.5686345,3953,5.5152445,4018,5.2092786,-65
1396,3.39794,4024,5.382838,2020,6.502742,2004
1397,3.0,4083,5.2497888,3960,5.2941895,123
1398,2.769551,4472,4.3342867,4447,4.0403886,25
1399,3.5228786,4171,5.084076,4573,3.5366302,-402
1400,2.229148,4121,5.1620994,4464,3.9641178,-343
1401,3.6989698,4181,5.064988,4329,4.447831,-148
1402,3.5228786,3982,5.4589396,3343,5.7982917,639
1403,2.769551,4347,4.694005,4232,4.766647,115
1404,9.853872,975,7.0411744,2239,6.386131,-1264
1405,9.886057,939,7.0801377,2361,6.3165455,-1422
1406,9.60206,774,7.2683887,2627,6.18297,-1853
1407,8.886057,1024,7.013632,850,7.603514,174
1408,5.5228643,3691,5.830019,929,7.4829736,2762
1409,5.214663,1838,6.564549,848,7.6070795,990
1410,6.7517815,1500,6.7310414,1171,7.1814203,329
1411,5.0969048,1425,6.7582655,1754,6.6860385,-329
1412,6.958213,3158,6.0797696,991,7.3895826,2167
1413,6.2005906,2524,6.307124,2718,6.123146,-194
1414,7.3001623,2663,6.255808,788,7.681589,1875
1415,5.600309,3633,5.8797994,1476,6.931458,2157
1416,5.317846,3864,5.6362534,1588,6.8214555,2276
1417,5.400106,2892,6.1730056,2606,6.1999764,286
1418,4.190036,4085,5.2454343,4404,4.1865807,-319
1419,3.5228786,4619,3.7698684,4603,3.3579009,16
1420,3.455932,4620,3.7698684,4604,3.3579009,16
1421,2.154902,4481,4.326138,4527,3.7710543,-46
1422,9.40327,207,8.332974,608,7.944787,-401
1423,8.356547,276,8.140734,293,8.378557,-17
1424,9.22099,208,8.332974,609,7.944787,-401
1425,6.7493362,278,8.140734,292,8.378557,-14
1426,6.8598065,2097,6.458598,852,7.6020393,1245
1427,3.0409586,4307,4.7865934,4341,4.3944387,-34
1428,2.9208188,4186,5.059621,4463,3.966302,-277
1429,5.0268674,4512,4.2432127,4550,3.681747,-38
1430,4.886053,4463,4.3579416,4552,3.6690812,-89
1431,5.1191807,4279,4.8385415,4541,3.7109435,-262
1432,3.6989698,4486,4.315908,4558,3.6254823,-72
1433,5.124933,4513,4.2432127,4549,3.681747,-36
1434,4.9586034,4464,4.3579416,4551,3.6690812,-87
1435,4.920815,4280,4.8385415,4540,3.7109435,-260
1436,5.9207826,4185,5.059621,4462,3.966302,-277
1437,9.677781,30,9.025116,299,8.37674,-269
1438,8.167491,174,8.463031,138,8.585847,36
1439,6.2290745,885,7.1397047,419,8.191234,466
1440,6.4813547,1321,6.823121,422,8.183263,899
1441,8.853872,284,8.121827,517,8.096469,-233
1442,6.698753,3400,5.9936714,1343,7.0246787,2057
1443,7.336299,154,8.507167,245,8.442396,-91
1444,7.493495,170,8.467196,51,8.770621,119
1445,7.1999707,169,8.467196,48,8.770621,121
1446,6.65738,739,7.321416,368,8.256921,371
1447,6.508498,742,7.321416,363,8.256921,379
1448,8.075721,54,8.873147,109,8.634871,-55
1449,8.853872,293,8.071026,354,8.280876,-61
1450,7.9956784,29,9.025116,298,8.37674,-269
1451,7.9956784,173,8.463031,139,8.585847,34
1452,7.2284126,155,8.507167,246,8.442396,-91
1453,7.243364,171,8.467196,50,8.770621,121
1454,7.9172144,166,8.467196,49,8.770621,117
1455,7.0264106,738,7.321416,367,8.256921,371
1456,7.7423215,52,8.873147,107,8.634871,-55
1457,7.3001623,31,9.025116,297,8.37674,-266
1458,7.600326,168,8.467196,45,8.770621,123
1459,6.958213,741,7.321416,364,8.256921,377
1460,7.9956784,55,8.873147,108,8.634871,-53
1461,9.522879,69,8.790522,144,8.58008,-75
1462,7.767004,130,8.602858,35,8.80989,95
1463,6.7956085,712,7.3539224,180,8.530852,532
1464,6.537452,1411,6.763755,218,8.474917,1193
1465,7.6556077,270,8.176321,240,8.447273,30
1466,7.1732774,2608,6.274436,569,8.042157,2039
1467,8.142668,142,8.552088,79,8.692238,63
1468,7.3001623,90,8.696803,22,8.916075,68
1469,7.080399,89,8.696803,21,8.916075,68
1470,6.6018863,631,7.4823647,173,8.533871,458
1471,7.536107,47,8.932112,38,8.790385,9
1472,7.9956784,68,8.790522,143,8.58008,-75
1473,7.9956784,131,8.602858,34,8.809891,97
1474,7.430626,141,8.552088,80,8.692238,61
1475,7.2915792,88,8.696803,23,8.916075,65
1476,7.850781,87,8.696803,20,8.916075,67
1477,6.853562,630,7.4823647,174,8.533871,456
1478,7.493495,46,8.932112,39,8.790385,7
1479,6.58486,3631,5.880875,1699,6.7242346,1932
1480,5.397929,3318,6.029811,1613,6.8052664,1705
1481,6.15484,3374,6.005797,1556,6.861704,1818
1482,5.397929,3542,5.919843,2607,6.196649,935
1483,6.15484,3562,5.9123855,1710,6.7194157,1852
1484,5.6989484,4052,5.3056293,4248,4.720635,-196
1485,6.931443,2197,6.424489,2859,6.037114,-662
1486,6.522734,1376,6.7840424,3016,5.955223,-1640
1487,6.522734,1571,6.6813335,2931,5.99744,-1360
1488,8.508638,1655,6.631539,3053,5.9346747,-1398
1489,4.5376005,3450,5.9707847,4399,4.1972003,-949
1490,7.7931743,2130,6.446032,2458,6.279108,-328
1491,7.0649967,1640,6.6400895,3027,5.9479265,-1387
1492,5.925147,1829,6.568827,1056,7.29744,773
1493,6.195792,1520,6.7143784,1558,6.859118,-38
1494,8.886057,2640,6.2613688,2296,6.344177,344
1495,3.4497716,4374,4.653685,4505,3.8544018,-131
1496,3.3419886,4373,4.653685,4504,3.8544018,-131
1497,2.39794,4549,4.105625,4529,3.7589362,20
1498,9.318759,388,7.821716,140,8.581354,248
1499,6.236497,4235,4.9502206,4346,4.3788414,-111
1500,3.8013427,4020,5.3854904,3567,5.6720686,453
1501,5.327893,3338,6.0215693,4129,5.019603,-791
1502,6.6380835,1515,6.717749,1519,6.8933563,-4
1503,6.7956085,1340,6.8104014,1453,6.945164,-113
1504,6.5684752,1248,6.8645215,1655,6.7609835,-407
1505,6.58486,1645,6.638259,1551,6.865423,94
1506,6.7956085,1279,6.8422117,603,7.959317,676
1507,6.4813547,1420,6.7614303,1792,6.6451044,-372
1508,6.3009434,1380,6.7801604,775,7.70923,605
1509,6.3766475,1392,6.7712636,760,7.7397265,632
1510,6.522734,1249,6.862748,1960,6.54375,-711
1511,6.430509,1458,6.7419424,1081,7.2847824,377
1512,6.619608,1365,6.7912436,1391,6.9896007,-26
1513,8.040958,507,7.6363792,388,8.223106,119
1514,6.853562,373,7.8743124,573,8.0246725,-200
1515,6.853562,1273,6.848213,1401,6.976822,-128
1516,6.2756424,531,7.6051636,585,8.003151,-54
1517,6.4293404,1457,6.7419424,1293,7.0700884,164
1518,6.5684752,1269,6.8524814,1550,6.8663135,-281
1519,6.677574,1366,6.7912436,1763,6.672437,-397
1520,6.537452,1250,6.862748,2033,6.4928045,-783
1521,6.522734,1536,6.7059298,1895,6.5711374,-359
1522,6.677574,1589,6.674041,1174,7.1741357,415
1523,6.7692957,1454,6.7426224,822,7.6456175,632
1524,6.443577,1332,6.814674,1402,6.976477,-70
1525,6.7956085,1443,6.747843,646,7.899267,797
1526,6.537452,1646,6.638259,2138,6.444454,-492
1527,7.9956784,442,7.734837,541,8.074763,-99
1528,6.537452,1204,6.8943954,773,7.7129383,431
1529,6.65738,1339,6.8104014,1935,6.5509453,-596
1530,6.5526867,1262,6.856134,687,7.831548,575
1531,7.821023,636,7.478203,659,7.875868,-23
1532,6.443577,1298,6.833007,1227,7.130254,71
1533,6.537452,1268,6.8524814,1775,6.658816,-507
1534,6.853562,1590,6.673786,647,7.898968,943
1535,6.420102,356,7.9010572,494,8.114875,-138
1536,6.4947143,1357,6.7966366,690,7.830356,667
1537,6.5526867,1247,6.8645215,1869,6.585331,-622
1538,8.040958,510,7.622653,605,7.954282,-95
1539,6.537452,1300,6.833007,702,7.8114796,598
1540,6.721018,1186,6.900115,957,7.424412,229
1541,6.853562,1232,6.8838444,599,7.961302,633
1542,6.677574,1588,6.674041,1543,6.874078,45
1543,6.3978314,1401,6.768711,1325,7.042551,76
1544,6.6380835,1514,6.717749,1747,6.691129,-233
1545,6.8857226,1533,6.7072535,716,7.7915444,817
1546,6.6018863,1535,6.7059298,1411,6.9687166,124
1547,8.040958,458,7.6961346,452,8.148665,6
1548,6.6380835,1299,6.833007,955,7.4310174,344
1549,6.619608,365,7.8947387,484,8.131948,-119
1550,7.2749057,526,7.613538,644,7.9000263,-118
1551,6.4813547,1421,6.7614303,1548,6.866646,-127
1552,5.9585676,453,7.7067533,615,7.9338565,-162
1553,6.522734,1402,6.768711,1206,7.147881,196
1554,6.65738,390,7.820873,782,7.6916423,-392
1555,6.920457,548,7.5881085,524,8.0834675,24
1556,6.537452,1333,6.814674,1505,6.907916,-172
1557,6.619608,1185,6.90364,704,7.80827,481
1558,6.8236194,1312,6.8286314,673,7.845894,639
1559,6.535958,3026,6.1291265,3986,5.2741294,-960
1560,4.389339,3025,6.1291265,3985,5.2741294,-960
1561,5.1040196,3027,6.1291265,3984,5.2741294,-957
1562,2.9394155,432,7.7550235,455,8.147698,-23
1563,3.5332804,553,7.5847273,286,8.3815565,267
1564,4.007446,521,7.615374,271,8.398671,250
1565,4.2380714,598,7.5363526,279,8.39075,319
1566,3.4067137,525,7.6137877,64,8.725763,461
1567,6.0505614,506,7.6385946,62,8.731209,444
1568,5.255699,863,7.172612,325,8.32673,538
1569,2.9448893,431,7.7550235,456,8.147698,-25
1570,3.4792545,552,7.5847273,289,8.3815565,263
1571,3.9017022,522,7.615374,270,8.398671,252
1572,4.2175264,599,7.5363526,280,8.39075,319
1573,3.3679478,524,7.6137877,65,8.725763,459
1574,2.468521,3970,5.4691787,1012,7.348096,2958
1575,5.288184,1808,6.5779195,2954,5.9831758,-1146
1576,5.3344097,1807,6.5779195,2953,5.9831758,-1146
1577,5.688225,1806,6.5779195,2955,5.9831758,-1149
1578,6.4496493,1263,6.85583,841,7.615121,422
1579,7.6757174,1146,6.924185,920,7.4988976,226
1580,6.408824,1297,6.833007,1228,7.1302533,69
1581,6.4813547,999,7.02466,195,8.510866,804
1582,8.721247,808,7.239125,2335,6.32869,-1527
1583,7.7189665,755,7.2996116,712,7.7995853,43
1584,3.7798917,2669,6.253398,3809,5.492935,-1140
1585,5.950743,4145,5.1309333,4236,4.7523727,-91
1586,5.647798,3969,5.4744706,4335,4.4367375,-366
1587,4.7189646,3952,5.5166335,4511,3.822211,-559
1588,9.999956,400,7.8022857,436,8.169016,-36
1589,2.79588,4454,4.4117923,4391,4.2347946,63
1590,2.552842,4404,4.542696,4490,3.890603,-86
1591,6.2675257,3815,5.6956325,4136,5.0021906,-321
1592,6.5684752,3998,5.4245896,3912,5.375455,86
1593,6.677574,3871,5.625421,4117,5.034362,-246
1594,5.886023,3909,5.578159,3802,5.506091,107
1595,6.6380835,3869,5.63036,3881,5.412649,-12
1596,6.408824,3875,5.6201363,4115,5.039474,-240
1597,6.58486,3713,5.8094907,3898,5.3872957,-185
1598,6.721018,3363,6.008132,3953,5.3068333,-590
1599,6.522734,3940,5.529926,4412,4.1731834,-472
1600,4.5376005,4398,4.5645485,4168,4.917777,230
1601,4.853869,4287,4.827533,3999,5.246211,288
1602,4.920815,4338,4.7150526,4184,4.8803105,154
1603,4.744725,4237,4.9420505,3893,5.3930616,344
1604,4.744725,4339,4.71362,3963,5.2895675,376
1605,4.853869,4275,4.848055,4178,4.889843,97
1606,5.0555124,4230,4.958119,3995,5.2602053,235
1607,4.7958775,4203,5.0168924,4049,5.154256,154
1608,7.396856,4206,5.0125756,4280,4.6249075,-74
1609,4.9586034,4355,4.684059,4251,4.713184,104
1610,4.6382704,4354,4.685561,4273,4.672001,81
1611,5.0362077,4324,4.755315,4095,5.0795336,229
1612,4.1487412,4366,4.6646204,4143,4.9920187,223
1613,5.3767405,4352,4.692191,4266,4.6830006,86
1614,4.6197867,4236,4.942097,4149,4.9762907,87
1615,5.886023,4219,4.973091,4155,4.9533453,64
1616,6.522734,4325,4.747435,4448,4.032847,-123
1617,4.9586034,4282,4.835117,4128,5.020074,154
1618,4.2839956,4252,4.8992333,3826,5.4785757,426
1619,4.7212443,4245,4.9224844,4124,5.027194,121
1620,4.886053,4259,4.874955,3661,5.609615,598
1621,4.4948487,4261,4.8719416,3830,5.467485,431
1622,5.3872056,4294,4.8179946,4114,5.046081,180
1623,5.481473,4196,5.0391154,3827,5.4740047,369
1624,5.5228643,4162,5.0975075,3872,5.4245014,290
1625,4.4436965,4026,5.378411,4326,4.4619784,-300
1626,4.7695484,4380,4.6293693,4181,4.886428,199
1627,4.4685197,4288,4.826046,4005,5.2387238,283
1628,4.4559307,4335,4.727586,4192,4.858346,143
1629,4.4436965,4296,4.817128,3922,5.3606415,374
1630,4.4559307,4351,4.6925344,4013,5.2155685,338
1631,4.4436965,4323,4.755389,4187,4.8637667,136
1632,4.853869,4226,4.9617248,3996,5.251529,230
1633,4.886053,4224,4.968835,4039,5.1780715,185
1634,5.537587,4232,4.9502206,4345,4.3788414,-113
1635,4.3196635,3992,5.431734,4156,4.9474244,-164
1636,4.6695843,4091,5.2219305,2713,6.125715,1378
1637,7.396856,843,7.1952496,1933,6.553948,-1090
1638,5.139057,4021,5.3837047,4065,5.1238327,-44
1639,5.464693,3936,5.537798,2993,5.9644,943
1640,5.9585676,1617,6.657204,3814,5.4904838,-2197
1641,3.7695508,3436,5.975863,2701,6.1394286,735
1642,8.585027,740,7.321416,365,8.256921,375
1643,8.552842,133,8.595572,259,8.414339,-126
1644,9.79588,549,7.5847273,290,8.3815565,259
1645,8.468521,153,8.507167,244,8.442396,-91
1646,8.853872,551,7.5847273,287,8.3815565,264
1647,8.113509,53,8.873147,106,8.634871,-53
1648,8.356547,550,7.5847273,288,8.3815565,262
1649,8.69897,152,8.507167,243,8.442396,-91
1650,8.585027,165,8.467196,47,8.770621,118
1651,8.229148,737,7.321416,366,8.256921,371
1652,8.920818,167,8.467196,46,8.770621,121
1653,8.481486,156,8.506442,165,8.545863,-9
1654,6.999566,600,7.5356874,675,7.842663,-75
1655,7.386158,387,7.821878,807,7.6652527,-420
1656,7.7189665,428,7.7657604,400,8.209752,28
1657,7.365523,501,7.648715,190,8.515285,311
1658,7.3001623,385,7.8263717,902,7.5279145,-517
1659,7.7931743,608,7.521644,762,7.7339163,-154
1660,4.301029,3396,5.995643,999,7.3689537,2397
1661,4.2596364,3007,6.136972,1076,7.287794,1931
1662,5.6020427,3810,5.7018795,4294,4.5662594,-484
1663,4.3767495,4238,4.9394493,4212,4.798671,26
1664,3.2013493,4382,4.6208463,4435,4.0737085,-53
1665,3.30103,4055,5.299026,4386,4.2531815,-331
1666,4.2365713,4132,5.1499434,4393,4.2222357,-261
1667,3.5228786,4387,4.605629,4482,3.9101126,-95
1668,5.508624,3891,5.597684,2668,6.1629944,1223
1669,7.130182,3999,5.4217315,2899,6.015906,1100
1670,4.920815,4018,5.3909764,3781,5.5224724,237
1671,3.6777804,4044,5.3334184,3869,5.4265065,175
1672,5.1674848,4019,5.3909764,3782,5.5224724,237
1673,2.638272,4077,5.255817,4098,5.078435,-21
1674,9.886057,4004,5.4137354,1900,6.567254,2104
1675,8.1549015,4003,5.4137354,1901,6.567254,2102
1676,2.39794,4080,5.2537813,1697,6.724923,2383
1677,5.853841,4000,5.4217315,2898,6.015906,1102
1678,3.0132282,4045,5.3334184,3870,5.4265065,175
1679,2.0,4078,5.255817,4097,5.078435,-19
1680,5.267598,3892,5.597684,2669,6.1629934,1223
1681,2.60206,4081,5.2537813,1698,6.724922,2383
1682,5.301021,2307,6.3875747,587,7.9940166,1720
1683,5.8238797,2623,6.2697883,326,8.326411,2297
1684,6.958213,2842,6.190793,1859,6.5907683,983
1685,5.576738,2308,6.3875747,586,7.9940166,1722
1686,5.425957,2828,6.1947846,2350,6.321596,478
1687,5.6989484,2830,6.1947846,2351,6.321596,479
1688,5.341979,2829,6.1947846,2349,6.321596,480
1689,5.9355044,2923,6.164822,205,8.491545,2718
1690,6.9465375,4356,4.681583,4067,5.1182604,289
1691,7.365523,4357,4.681583,4066,5.1182604,291
1692,5.8209944,2910,6.168275,2243,6.3819847,667
1693,6.1307096,2911,6.168275,2244,6.3819847,667
1694,4.301029,3726,5.7968535,2691,6.1447163,1035
1695,6.119941,903,7.1081157,1001,7.3659687,-98
1696,7.5185575,1777,6.5866566,591,7.9899683,1186
1697,8.015472,776,7.2634554,678,7.840749,98
1698,7.6779876,2057,6.475051,806,7.665824,1251
1699,6.49986,2009,6.4925947,1379,6.995673,630
1700,5.0999947,2327,6.380819,4466,3.963661,-2139
1701,7.099469,2253,6.400727,3917,5.363123,-1664
1702,6.5198493,2071,6.468572,3723,5.5771656,-1652
1703,5.5999823,1979,6.502921,1866,6.5874043,113
1704,7.4387794,1929,6.5187874,907,7.523732,1022
1705,6.999566,1941,6.513462,2969,5.9761124,-1028
1706,5.4499884,1669,6.6256833,335,8.320267,1334
1707,7.9065785,1956,6.5067677,128,8.603676,1828
1708,5.4499884,1577,6.6794777,466,8.134751,1111
1709,5.539985,1793,6.581678,539,8.076951,1254
1710,5.4499884,1764,6.5923862,435,8.169373,1329
1711,5.5999823,1759,6.594768,613,7.9363837,1146
1712,5.069995,1888,6.539572,159,8.552891,1729
1713,5.9199653,1574,6.6800284,1470,6.9339423,104
1714,5.85997,1773,6.5897136,166,8.545425,1607
1715,6.829709,1802,6.578977,559,8.060359,1243
1716,6.8097243,1869,6.550077,242,8.443079,1627
1717,5.539985,1823,6.5702496,2704,6.1372385,-881
1718,5.749975,2728,6.23181,248,8.434035,2480
1719,6.2799153,1783,6.5859933,1413,6.9668293,370
1720,5.1599936,1709,6.610427,1858,6.591655,-149
1721,5.269992,2817,6.1991324,3346,5.7970977,-529
1722,5.609982,1774,6.5893483,177,8.533017,1597
1723,5.769975,2108,6.4546723,183,8.5243435,1925
1724,7.119415,1707,6.6115212,641,7.9085145,1066
1725,5.5999823,1652,6.6330504,826,7.6413164,826
1726,5.0899944,1911,6.5253663,416,8.193719,1495
1727,7.349013,2427,6.3467426,781,7.6945267,1646
1728,6.0199556,2499,6.3202753,4241,4.7476554,-1742
1729,5.319991,2514,6.3128767,1120,7.2268276,1394
1730,5.0899944,2742,6.223892,3397,5.7743716,-655
1731,5.5999823,3928,5.544501,3835,5.465304,93
1732,6.698753,3795,5.7272243,2896,6.0185432,899
1733,6.49986,3718,5.803126,2742,6.112569,976
1734,8.193142,995,7.0284357,592,7.986821,403
1735,4.8999968,3989,5.446176,4019,5.2079687,-30
1736,5.699979,4074,5.261381,2487,6.260789,1587
1737,6.698753,3752,5.7766395,2109,6.460432,1643
1738,7.398918,2529,6.3044696,2933,5.997202,-404
1739,6.599825,2590,6.279501,3222,5.8591576,-632
1740,6.698753,2587,6.2812324,2805,6.0694222,-218
1741,5.899964,3917,5.5655866,4107,5.0620894,-190
1742,6.199929,4047,5.3291616,2673,6.1585913,1374
1743,7.398918,2565,6.293118,2658,6.16816,-93
1744,5.899964,2969,6.1491857,4348,4.3755016,-1379
1745,6.999566,2552,6.296032,2785,6.0880303,-233
1746,8.094744,1818,6.5749273,703,7.808317,1115
1747,5.5999823,4189,5.0512996,4061,5.1282873,128
1748,7.398918,2622,6.2703266,1547,6.867508,1075
1749,7.8965383,1257,6.859473,1592,6.818,-335
1750,6.0999446,3445,5.972825,937,7.4753275,2508
1751,5.199993,3854,5.6589227,3568,5.6720624,286
1752,5.7999735,3244,6.0521336,2593,6.2032466,651
1753,5.699979,3382,6.003503,2982,5.9715815,400
1754,6.599825,2232,6.4098053,2929,5.9987173,-697
1755,7.8965383,1131,6.9290986,2130,6.447399,-999
1756,5.899964,3920,5.5623164,2365,6.314965,1555
1757,8.866461,1122,6.9388537,1641,6.7714605,-519
1758,5.399989,3620,5.886061,3838,5.462487,-218
1759,5.499986,3840,5.6648927,3324,5.807873,516
1760,8.866461,2194,6.42511,2437,6.289134,-243
1761,6.0999446,3420,5.9855824,3606,5.6460905,-186
1762,5.499986,3470,5.96131,3565,5.6724615,-95
1763,5.399989,3454,5.9675927,2465,6.2713346,989
1764,7.199283,2934,6.160011,1631,6.7805758,1303
1765,7.398918,898,7.1121755,1563,6.8434844,-665
1766,5.199993,3749,5.7773156,3523,5.696347,226
1767,7.7972393,1255,6.8599877,947,7.452643,308
1768,5.199993,3770,5.754751,3578,5.662155,192
1769,6.789735,3636,5.878741,925,7.493827,2711
1770,5.34999,3245,6.0521336,2592,6.2032466,653
1771,5.929962,3273,6.043383,1024,7.336052,2249
1772,6.88968,3055,6.117492,347,8.2920685,2708
1773,4.4999986,3246,6.0521336,2591,6.2032466,655
1774,6.729764,2296,6.391334,2114,6.4573717,182
1775,7.6380835,138,8.574976,73,8.708628,65
1776,5.9599595,2407,6.3540726,1028,7.333765,1379
1777,6.9396043,2804,6.206786,1166,7.190551,1638
1778,6.6498103,2661,6.2565336,593,7.983508,2068
1779,7.856985,2620,6.271038,1106,7.251152,1514
1780,7.936291,2231,6.409978,667,7.8635864,1564
1781,8.143875,2730,6.2314286,921,7.4984183,1809
1782,5.5999823,860,7.1752396,2345,6.3237796,-1485
1783,7.0395293,653,7.4453635,1231,7.1250434,-578
1784,7.442493,3283,6.039827,274,8.396207,3009
1785,5.990082,2362,6.3677936,342,8.309191,2020
1786,6.283913,1861,6.5558324,232,8.452673,1629
1787,6.2699447,3500,5.9452934,1546,6.868374,1954
1788,6.3399887,3319,6.0278316,449,8.155557,2870
1789,5.0400004,3506,5.943578,1389,6.9899673,2117
1790,5.400106,3376,6.0051327,1205,7.148365,2171
1791,5.289874,2679,6.2473664,658,7.8797703,2021
1792,7.9956784,2177,6.428573,2108,6.460521,69
1793,6.179733,2416,6.3490987,247,8.437292,2169
1794,5.669972,3138,6.086208,1086,7.2816353,2052
1795,6.4813547,2589,6.280665,699,7.814771,1890
1796,6.283913,1871,6.5497923,576,8.022765,1295
1797,5.669566,544,7.595358,490,8.120248,54
1798,5.500299,2103,6.4561434,656,7.8835564,1447
1799,7.7423215,2739,6.226155,558,8.062528,2181
1800,7.600326,517,7.6186604,649,7.8986964,-132
1801,6.32781,2063,6.47208,385,8.22499,1678
1802,6.2217765,2249,6.402926,433,8.17047,1816
1803,6.5700865,2948,6.1550465,842,7.615076,2106
1804,7.6556077,2252,6.4009705,701,7.811791,1551
1805,7.9956784,581,7.5624022,989,7.3933144,-408
1806,4.270025,2997,6.1396675,1147,7.204972,1850
1807,4.690006,3014,6.1320662,2779,6.089639,235
1808,9.136677,750,7.3119764,992,7.383816,-242
1809,7.6556077,643,7.467545,904,7.5252295,-261
1810,7.2358236,3491,5.950137,653,7.888945,2838
1811,5.7099433,2289,6.3929033,339,8.3127165,1950
1812,5.899595,2831,6.1938977,1018,7.3447595,1813
1813,5.669972,2718,6.234487,2373,6.310669,345
1814,5.920059,2541,6.300852,4621,3.2572572,-2080
1815,5.2199636,4065,5.282112,4053,5.147165,12
1816,4.219999,4583,3.9512398,4474,3.9293745,109
1817,4.589998,4600,3.884382,4503,3.8563817,97
1818,7.118615,2096,6.458598,853,7.6020393,1243
1819,7.954677,275,8.140734,294,8.378557,-19
1820,4.337241,4299,4.813196,4370,4.2979536,-71
1821,4.301029,4303,4.802746,4291,4.573745,12
1822,6.541967,2199,6.4235845,3998,5.24837,-1799
1823,4.7695484,3977,5.4645257,3482,5.7200613,495
1824,4.6020584,3926,5.548509,3492,5.7143307,434
1825,7.130182,45,8.932112,37,8.790385,8
1826,7.1797986,121,8.634812,71,8.709719,50
1827,5.8238797,1110,6.944327,129,8.603197,981
1828,6.8443604,629,7.4823647,175,8.533871,454
1829,6.230549,759,7.291358,329,8.3231945,430
1830,6.2923446,749,7.313378,85,8.685054,664
1831,6.916856,256,8.205714,198,8.508352,58
1832,6.4813547,658,7.4421945,54,8.758829,604
1833,7.375718,203,8.354383,89,8.676524,114
1834,6.102318,2179,6.428316,206,8.490826,1973
1835,7.7423215,13,9.274663,328,8.323936,-315
1836,7.3001623,809,7.238844,540,8.076407,269
1837,5.853841,722,7.339136,57,8.746836,665
1838,7.850781,298,8.065169,61,8.731878,237
1839,7.696804,146,8.534958,70,8.712652,76
1840,8.167491,151,8.508017,81,8.689775,70
1841,8.744727,115,8.653011,202,8.499075,-87
1842,6.853562,135,8.582562,200,8.50498,-65
1843,7.396856,124,8.624486,111,8.630838,13
1844,7.696804,122,8.634812,72,8.709719,50
1845,4.9030867,880,7.1498404,568,8.0432415,312
1846,6.3978314,1243,6.865557,595,7.981095,648
1847,5.6020427,1111,6.944327,130,8.603197,981
1848,6.698753,973,7.0420685,254,8.419577,719
1849,7.0404816,839,7.2018,277,8.392112,562
1850,7.3001623,717,7.346728,306,8.362152,411
1851,7.396856,732,7.3230853,358,8.274393,374
1852,6.114017,777,7.2625465,352,8.283186,425
1853,6.3009434,734,7.3224506,378,8.239499,356
1854,6.4774256,758,7.291358,330,8.323194,428
1855,5.1758676,623,7.4910808,561,8.059717,62
1856,7.767004,844,7.192426,765,7.7253046,79
1857,6.7692957,748,7.313378,84,8.685054,664
1858,6.8323874,652,7.4466357,164,8.550472,488
1859,7.9956784,252,8.21322,172,8.534254,80
1860,8.920818,195,8.394516,369,8.256449,-174
1861,6.3324537,296,8.065767,361,8.26425,-65
1862,7.600326,262,8.19986,252,8.424702,10
1863,7.954677,257,8.205714,197,8.508352,60
1864,5.747123,430,7.7550235,453,8.147699,-23
1865,7.8827286,702,7.3829637,275,8.395689,427
1866,6.8857226,659,7.4421945,55,8.758829,604
1867,7.1732774,444,7.7219954,94,8.671436,350
1868,7.696804,266,8.184016,100,8.64657,166
1869,9.69897,231,8.278066,228,8.456197,3
1870,9.30103,57,8.842787,253,8.420054,-196
1871,9.522879,38,8.97204,316,8.343055,-278
1872,9.876148,18,9.156184,397,8.213106,-379
1873,8.075721,24,9.099559,389,8.222991,-365
1874,8.638272,15,9.239657,313,8.349867,-298
1875,8.60206,12,9.274663,327,8.323937,-315
1876,7.954677,263,8.196936,135,8.59226,128
1877,8.677781,194,8.408421,186,8.522313,8
1878,7.0404816,243,8.25707,181,8.528814,62
1879,7.567031,201,8.373525,142,8.580812,59
1880,7.536107,202,8.354383,88,8.676524,114
1881,5.1462955,963,7.053305,783,7.687403,180
1882,8.337242,1965,6.5043225,983,7.412402,982
1883,6.698753,2180,6.428316,207,8.490826,1973
1884,5.0457525,4032,5.3706365,4022,5.201629,10
1885,5.638253,4030,5.3706365,4024,5.201629,6
1886,5.6575575,4031,5.3706365,4023,5.201629,8
1887,6.4947143,1952,6.5092874,3663,5.6069126,-1711
1888,6.443577,1558,6.688424,837,7.619025,721
1889,6.920457,1374,6.786036,2034,6.4927444,-660
1890,3.4672456,3734,5.79127,4361,4.337948,-627
1891,7.696804,580,7.564386,523,8.083978,57
1892,6.8443604,810,7.23644,444,8.161287,366
1893,4.352616,3962,5.5033917,1728,6.70525,2234
1894,4.8297353,4043,5.3390985,1479,6.930912,2564
1895,5.0362077,4131,5.1518545,2227,6.3910065,1904
1896,4.9546733,4082,5.251165,3416,5.7645426,666
1897,7.856985,359,7.8995333,707,7.8063154,-348
1898,7.747147,342,7.946689,797,7.6750317,-455
1899,7.111259,614,7.5104895,1016,7.3448014,-402
1900,5.2218413,4376,4.6493516,4076,5.108039,300
1901,4.585025,4274,4.852885,4183,4.880381,91
1902,4.464249,3889,5.600634,4226,4.776608,-337
1903,4.4788604,3888,5.600634,4227,4.776608,-339
1904,5.894456,268,8.182866,2535,6.237124,-2267
1905,5.359012,316,8.039635,2232,6.389325,-1916
1906,4.9586034,1093,6.956018,2715,6.1256866,-1622
1907,9.79588,478,7.65999,1295,7.068309,-817
1908,9.251812,380,7.8426466,1260,7.10227,-880
1909,5.080917,4007,5.4090304,1383,6.9921823,2624
1910,5.7958527,2383,6.3619046,636,7.920797,1747
1911,5.481473,3357,6.0140076,879,7.5579834,2478
1912,8.853872,2340,6.3752704,741,7.7697105,1599
1913,8.853872,2382,6.3619046,637,7.920797,1745
1914,8.49485,2381,6.3619046,635,7.920797,1746
1915,8.769551,1894,6.5363626,1924,6.5584955,-30
1916,8.60206,3355,6.0140076,881,7.5579834,2474
1917,8.356547,2341,6.3752704,740,7.7697105,1601
1918,8.677781,1895,6.5363626,1925,6.5584955,-30
1919,8.207608,3356,6.0140076,880,7.5579834,2476
1920,3.1,4640,3.623439,4424,4.099872,216
1921,3.4999998,4529,4.2003016,4431,4.0915194,98
1922,6.1237245,3870,5.6292357,2490,6.2580547,1380
1923,7.03105,3813,5.6965857,1856,6.591979,1957
1924,7.0846,1890,6.5387435,2171,6.4289107,-281
1925,6.6001534,1891,6.5387435,2172,6.4289107,-281
1926,5.0315123,4079,5.2549515,3703,5.5871267,376
1927,5.0087695,3812,5.6997514,3065,5.931429,747
1928,5.2006526,4001,5.4179463,3878,5.419446,123
1929,4.301029,3944,5.523354,3375,5.783533,569
1930,7.419075,769,7.272023,612,7.9374247,157
1931,7.283162,282,8.12558,1164,7.1912823,-882
1932,7.080399,2591,6.279425,86,8.681566,2505
1933,6.1099424,3463,5.9638042,2061,6.4798074,1402
1934,7.50724,1237,6.8783107,767,7.7231603,470
1935,8.920818,79,8.722489,434,8.170135,-355
1936,6.6944337,1490,6.7338476,1857,6.5918508,-367
1937,6.9742846,1865,6.5541663,1877,6.5823355,-12
1938,6.4133,1831,6.5686693,2372,6.3120136,-541
1939,6.7349463,1830,6.5686693,2371,6.3120136,-541
1940,7.289206,744,7.3193545,895,7.5393972,-151
1941,7.8827286,2454,6.337988,1099,7.257456,1355
1942,8.0,871,7.164074,1085,7.282824,-214
1943,7.954677,2455,6.337988,1098,7.257456,1357
1944,8.055517,2719,6.2344723,1034,7.325431,1685
1945,7.696804,1579,6.6784124,982,7.4125023,597
1946,7.767004,2016,6.4889975,1288,7.0724053,728
1947,5.5528264,3949,5.5171165,3601,5.648759,348
1948,6.995249,1977,6.503539,660,7.87537,1317
1949,7.9172144,746,7.3148317,495,8.1073885,251
1950,8.920818,723,7.3366427,1536,6.877097,-813
1951,6.2923446,724,7.3366427,1364,7.009225,-640
1952,8.79588,725,7.3366427,1407,6.973958,-682
1953,8.236572,993,7.028776,1668,6.7477684,-675
1954,5.6989484,994,7.028776,1541,6.8747816,-547
1955,8.236572,992,7.028776,1575,6.832552,-583
1956,4.698968,1553,6.691222,1787,6.6501546,-234
1957,7.336299,1554,6.691222,1829,6.603956,-275
1958,6.055468,1267,6.8530293,1297,7.066804,-30
1959,6.518414,1085,6.958771,1830,6.6032066,-745
1960,5.8267846,685,7.402443,1553,6.8630295,-868
1961,8.99482,177,8.45429,102,8.645145,75
1962,8.173925,632,7.4814663,101,8.645296,531
1963,6.2290745,3076,6.107053,3307,5.8198004,-231
1964,8.136677,2021,6.487802,3174,5.8806467,-1153
1965,8.346787,2738,6.2280564,3167,5.8827844,-429
1966,6.408824,2759,6.2203903,3234,5.856166,-475
1967,5.207601,2924,6.1646028,3407,5.769499,-483
1968,7.821023,1140,6.926133,1428,6.961694,-288
1969,7.767004,1143,6.926133,1419,6.961694,-276
1970,7.365523,1470,6.739698,1839,6.6009216,-369
1971,5.1023674,1870,6.5500546,3277,5.8382807,-1407
1972,5.1674848,1197,6.896502,2524,6.2431765,-1327
1973,5.5228643,2945,6.156809,2553,6.2244396,392
1974,5.537587,1142,6.926133,1425,6.961694,-283
1975,5.8238797,1194,6.896502,2525,6.2431765,-1331
1976,6.065451,1195,6.896502,2523,6.2431765,-1328
1977,5.31875,1193,6.896502,2522,6.2431765,-1329
1978,8.39794,1472,6.739698,1843,6.6009216,-371
1979,7.4672456,1136,6.926133,1427,6.961694,-291
1980,5.8238797,497,7.655728,2419,6.29912,-1922
1981,6.853562,1465,6.7407727,2308,6.340209,-843
1982,6.3186684,1134,6.926133,1420,6.961694,-286
1983,8.327902,2022,6.487802,3175,5.8806467,-1153
1984,6.8857226,1471,6.739698,1836,6.6009216,-365
1985,5.3372326,1138,6.926133,1422,6.961694,-284
1986,6.2923446,496,7.655728,2417,6.2991204,-1921
1987,5.017724,1201,6.896502,2517,6.243177,-1316
1988,6.920457,487,7.655728,2408,6.2991204,-1921
1989,5.638253,1190,6.896502,2515,6.243177,-1325
1990,5.9585676,1191,6.896502,2514,6.243177,-1323
1991,5.6575575,1192,6.896502,2512,6.243177,-1320
1992,5.537587,2065,6.47101,2549,6.2274466,-484
1993,5.853841,1199,6.896502,2513,6.243177,-1314
1994,5.3372326,1196,6.896502,2521,6.243177,-1325
1995,6.7692957,486,7.655728,2405,6.2991204,-1919
1996,5.4559197,495,7.655728,2416,6.2991204,-1921
1997,5.420205,1198,6.896502,2516,6.243177,-1318
1998,6.677574,1473,6.739698,1837,6.6009216,-364
1999,5.2839885,480,7.655728,2418,6.2991204,-1938
2000,6.346691,483,7.655728,2403,6.2991204,-1920
2001,5.9207826,1200,6.896502,2518,6.243177,-1318
2002,7.0963674,1464,6.7407727,2304,6.3402095,-840
2003,6.853562,1475,6.739698,1842,6.6009216,-367
2004,6.619608,1466,6.7407727,2305,6.3402095,-839
2005,8.080922,1477,6.739698,1840,6.6009216,-363
2006,6.0087295,485,7.655728,2410,6.2991204,-1925
2007,5.537587,481,7.655728,2412,6.2991204,-1931
2008,6.2217765,1135,6.926133,1423,6.961694,-288
2009,7.454693,482,7.655728,2406,6.2991204,-1924
2010,7.008331,484,7.655728,2407,6.2991204,-1923
2011,7.055024,488,7.655728,2414,6.2991204,-1926
2012,7.551294,1202,6.896502,2519,6.243177,-1317
2013,7.336299,1137,6.926133,1424,6.961694,-287
2014,7.9172144,490,7.655728,2402,6.2991204,-1912
2015,7.767004,491,7.655728,2415,6.2991204,-1924
2016,7.536107,494,7.655728,2404,6.2991204,-1910
2017,7.1732774,1476,6.739698,1838,6.6009216,-362
2018,7.317855,1139,6.926133,1421,6.961694,-282
2019,8.091515,1462,6.7407727,2306,6.3402095,-844
2020,7.3458233,492,7.655728,2413,6.2991204,-1921
2021,7.6757174,1474,6.739698,1835,6.6009216,-361
2022,8.09691,1141,6.926133,1426,6.961694,-285
2023,7.2915792,493,7.655728,2411,6.2991204,-1918
2024,6.4558077,2109,6.454229,3157,5.8876333,-1048
2025,5.420205,2775,6.214402,3258,5.8450203,-483
2026,5.8238797,1632,6.646321,2775,6.0938196,-1143
2027,5.6020427,2568,6.2922764,3339,5.7996783,-771
2028,5.5528264,1240,6.8681726,2972,5.9753046,-1732
2029,5.2006526,3404,5.991363,3227,5.8571506,177
2030,7.419075,1103,6.946262,1564,6.8434095,-461
2031,5.2441177,2545,6.298412,3479,5.7237515,-934
2032,5.327893,2672,6.2521534,3552,5.6838713,-880
2033,5.8238797,3370,6.006811,3525,5.6959696,-155
2034,5.5528264,3484,5.954845,3249,5.8478546,235
2035,5.070576,2822,6.1976047,3295,5.824957,-473
2036,6.3978314,3075,6.107053,3306,5.8198004,-231
2037,5.9585676,2069,6.4687715,2777,6.0912247,-708
2038,5.7447033,2641,6.2612243,3354,5.793054,-713
2039,5.9207826,3462,5.9641213,3538,5.6891537,-76
2040,6.1738605,1469,6.739698,1841,6.6009216,-372
2041,5.420205,3683,5.834583,3486,5.7179327,197
2042,7.3001623,1601,6.6647377,3612,5.642901,-2011
2043,5.2596292,1189,6.896502,2520,6.243177,-1331
2044,5.853841,942,7.078523,2090,6.4712367,-1148
2045,5.0555124,489,7.655728,2409,6.2991204,-1920
2046,6.420102,2170,6.430638,3172,5.8812175,-1002
2047,5.3767405,3326,6.0256033,3275,5.83836,51
2048,5.1023674,2032,6.4857635,3168,5.882774,-1136
2049,5.7695255,2750,6.2224836,3480,5.723735,-730
2050,7.0127807,2335,6.3780837,3305,5.8200235,-970
2051,8.537602,1482,6.737519,3581,5.6572742,-2099
2052,6.18702,2314,6.3847275,3250,5.847473,-936
2053,5.8238797,2889,6.175121,3431,5.753554,-542
2054,5.4948363,2445,6.341433,3600,5.649457,-1155
2055,5.5228643,3201,6.057904,3874,5.4237022,-673
2056,5.1804495,1867,6.5533895,1927,6.5577517,-60
2057,5.9207826,2855,6.18533,3473,5.728494,-618
2058,5.070576,3313,6.0316014,3087,5.9214115,226
2059,5.7447033,1442,6.747901,1622,6.7916574,-180
2060,6.958213,2380,6.3626738,1773,6.6607275,607
2061,5.408924,2887,6.1755342,3380,5.781498,-493
2062,6.3009434,2128,6.447791,1850,6.595712,278
2063,5.7958527,2772,6.2163825,3341,5.7987213,-569
2064,7.386158,915,7.101544,2013,6.505934,-1098
2065,5.2441177,3239,6.0536103,3584,5.655176,-345
2066,5.7212234,2470,6.333037,2564,6.2164173,-94
2067,5.853841,2702,6.2403274,3438,5.74624,-736
2068,5.3665214,2537,6.3019347,3178,5.879095,-641
2069,6.32781,1976,6.503833,2866,6.0352087,-890
2070,5.8238797,2171,6.4302373,2904,6.0130005,-733
2071,5.3372326,3333,6.023903,3637,5.6295004,-304
2072,5.9207826,2980,6.145321,3330,5.80245,-350
2073,6.920457,1463,6.7407727,2307,6.340209,-844
2074,5.4317865,2225,6.412746,3145,5.889842,-920
2075,5.6197705,1451,6.7442684,2994,5.964284,-1543
2076,5.7212234,2343,6.374924,3173,5.8806543,-830
2077,6.32781,2476,6.3292103,3033,5.9461403,-557
2078,5.2441177,3325,6.0256033,3276,5.83836,49
2079,8.1549015,182,8.443322,307,8.361191,-125
2080,3.2218487,4446,4.457342,4557,3.627343,-111
2081,8.094744,259,8.203016,311,8.356631,-52
2082,4.886053,4377,4.6351995,4142,4.992486,235
2083,8.022276,707,7.3753004,1091,7.273307,-384
2084,7.600326,1282,6.839463,401,8.209241,881
2085,7.9956784,3334,6.0224485,2159,6.433647,1175
2086,7.059982,2487,6.3243713,2851,6.0412254,-364
2087,5.408924,4119,5.1656084,4255,4.7106996,-136
2088,5.408924,4202,5.0258317,4301,4.5618815,-99
2089,5.0861807,4159,5.100522,4058,5.136119,101
2090,5.7958527,3834,5.672923,4298,4.564935,-464
2091,9.0,1780,6.586591,4312,4.507264,-2532
2092,8.886057,1779,6.586591,4313,4.507264,-2534
2093,9.481486,1781,6.586591,4311,4.507264,-2530
2094,9.086186,1782,6.586591,4314,4.507264,-2532
2095,4.429999,1241,6.8670216,770,7.7161856,471
2096,6.5498433,950,7.065409,634,7.9222946,316
2097,7.099469,1209,6.8898244,438,8.1656475,771
2098,6.069948,1388,6.7744265,583,8.007087,805
2099,6.829709,1106,6.9455957,674,7.843116,432
2100,6.2899165,1246,6.86481,642,7.9030333,604
2101,6.1799364,1050,6.989476,681,7.836294,369
2102,7.109467,978,7.03717,425,8.178892,553
2103,5.9599595,1278,6.842751,711,7.800673,567
2104,6.359896,997,7.0259795,805,7.666485,192
2105,7.359022,1168,6.9129715,499,8.105653,669
2106,7.0695095,944,7.0767684,529,8.080691,415
2107,6.9396043,1390,6.773283,899,7.53293,491
2108,7.0095725,1361,6.7926764,912,7.5123506,449
2109,6.559847,936,7.085361,632,7.925107,304
2110,6.919626,1096,6.955584,571,8.032999,525
2111,6.5698442,1259,6.858596,685,7.8321743,574
2112,6.539854,1228,6.8864584,420,8.187888,808
2113,6.2799153,1252,6.8609095,684,7.833576,568
2114,6.799724,1047,6.994214,620,7.9268866,427
2115,7.442493,1909,6.5279393,1349,7.018919,560
2116,5.8495197,1382,6.7792587,581,8.010991,801
2117,5.8018656,1381,6.779405,331,8.321915,1050
2118,7.9172144,1100,6.950372,1243,7.1144533,-143
2119,7.017277,1051,6.9881487,457,8.147192,594
2120,6.421246,945,7.0739822,324,8.330042,621
2121,5.499986,3171,6.0749083,2015,6.505533,1156
2122,4.699998,4240,4.928769,3320,5.809759,920
2123,7.099469,595,7.5434084,1026,7.334837,-431
2124,3.229148,3872,5.6246815,356,8.275482,3516
2125,3.5686362,4054,5.3034024,497,8.106381,3557
2126,3.7099652,3912,5.5762367,412,8.196229,3500
2127,3.537602,3923,5.560788,502,8.102554,3421
2128,4.5376005,3052,6.1185575,426,8.177952,2626
2129,6.1937523,979,7.037048,429,8.175663,550
2130,8.026872,297,8.065675,1509,6.903446,-1212
2131,8.21467,640,7.4732814,726,7.7747064,-86
2132,6.5526867,1444,6.7456064,927,7.4862146,517
2133,8.568636,775,7.2658677,814,7.656763,-39
2134,7.480172,2067,6.4706073,901,7.5318213,1166
2135,6.698753,2451,6.33878,818,7.6506214,1633
2136,4.7958775,4362,4.669611,1257,7.104864,3105
2137,5.0457525,4506,4.2624927,4213,4.794224,293
2138,8.2218485,2930,6.1626096,663,7.869786,2267
2139,8.229148,2944,6.1572165,487,8.12697,2457
2140,8.173925,2952,6.153144,671,7.8471026,2281
2141,7.50724,2712,6.237537,579,8.013874,2133
2142,6.283913,1238,6.873707,1634,6.775715,-396
2143,6.113453,1406,6.7659187,1372,7.002106,34
2144,6.346691,1450,6.7445107,1539,6.875195,-89
2145,6.539854,471,7.678615,87,8.679722,384
2146,5.459987,3431,5.9772496,278,8.391127,3153
2147,5.399989,4076,5.2558203,1315,7.0513067,2761
2148,4.989996,4123,5.160038,3609,5.6439724,514
2149,7.209293,513,7.6221986,373,8.246069,140
2150,5.0999947,3406,5.9893994,1003,7.364918,2403
2151,7.0695095,459,7.695613,544,8.071539,-85
2152,5.3399906,3782,5.742337,1052,7.30347,2730
2153,4.8499966,4038,5.3540783,3455,5.7391834,583
2154,7.5982547,1206,6.893375,215,8.4773245,991
2155,7.329105,815,7.227299,725,7.7761297,90
2156,6.698753,3738,5.788893,1712,6.7170773,2026
2157,3.39794,4389,4.6047406,4272,4.6741724,117
2158,3.2218487,4390,4.60099,4306,4.54304,84
2159,3.0,4220,4.972491,4269,4.6786313,-49
2160,9.39794,97,8.680363,9,9.146921,88
2161,9.522879,96,8.680363,8,9.146921,88
2162,5.899964,1900,6.5339947,892,7.5436215,1008
2163,5.9222326,956,7.061208,815,7.655415,141
2164,6.76675,1205,6.8936906,926,7.4920135,279
2165,7.6757174,771,7.271731,677,7.840866,94
2166,8.21467,876,7.1591907,772,7.715743,104
2167,6.698753,2181,6.428193,2089,6.471463,92
2168,6.698753,1609,6.660047,1176,7.1728315,433
2169,6.698753,2714,6.2364836,2165,6.430237,549
2170,7.7931743,1551,6.6949077,1492,6.9197726,59
2171,8.823909,2557,6.294894,1870,6.5834885,687
2172,6.698753,1115,6.9423804,1045,7.3144956,70
2173,9.39794,1988,6.4993453,1799,6.638582,189
2174,6.698753,2088,6.4627943,2451,6.281802,-363
2175,6.698753,2522,6.307601,2497,6.252075,25
2176,6.698753,2046,6.480123,2570,6.2123814,-524
2177,7.8827286,3127,6.0896087,3459,5.73756,-332
2178,6.698753,1152,6.9170694,1043,7.315347,109
2179,8.886057,1612,6.659069,2249,6.3786755,-637
2180,8.508638,2146,6.43766,3404,5.7711954,-1258
2181,7.8827286,2167,6.431189,2341,6.3252745,-174
2182,6.698753,1316,6.825177,1284,7.078289,32
2183,7.850781,1959,6.505629,1872,6.583175,87
2184,5.9171786,1104,6.945934,1248,7.110548,-144
2185,8.040958,1105,6.945934,1247,7.110548,-142
2186,7.850781,1095,6.9557467,1083,7.2834044,12
2187,8.508638,3126,6.0896087,3470,5.731468,-344
2188,6.698753,2047,6.480123,2327,6.3303123,-280
2189,6.698753,2168,6.431189,2429,6.2957573,-261
2190,6.698753,1613,6.659069,2298,6.3430786,-685
2191,6.698753,1439,6.750307,1887,6.578459,-448
2192,6.920457,1317,6.825177,1350,7.018712,-33
2193,6.698753,1989,6.4993453,1883,6.5792475,106
2194,7.7931743,1116,6.9423804,1104,7.2514596,12
2195,6.698753,1960,6.505629,1979,6.527209,-19
2196,7.480172,1153,6.9170694,1101,7.2528186,52
2197,6.698753,2556,6.294894,1978,6.527918,578
2198,4.9586034,4336,4.720707,4044,5.170001,292
2199,5.0999947,4368,4.660252,1339,7.0292053,3029
2200,6.999566,467,7.683103,394,8.214644,73
2201,7.396856,2743,6.223888,3072,5.9263887,-329
2202,7.8827286,2844,6.1903467,3120,5.904332,-276
2203,7.5086384,512,7.6221986,501,8.103808,11
2204,4.698968,1059,6.976049,572,8.032131,487
2205,5.9746532,2581,6.283603,1717,6.711768,864
2206,5.8096404,2533,6.302988,2027,6.5004616,506
2207,6.875822,2300,6.3902373,1757,6.6770105,543
2208,2.0,1493,6.733281,4644,3.129792,-3151
2209,3.09691,4564,4.0264096,4392,4.2318892,172
2210,2.69897,4341,4.7096915,4459,3.9799645,-118
2211,3.3767507,4441,4.464515,4299,4.562048,142
2212,2.69897,4345,4.699218,4467,3.9631732,-122
2213,2.69897,4306,4.793966,4456,4.0005026,-150
2214,4.4436965,4442,4.464515,4319,4.4815593,123
2215,2.69897,4397,4.5656433,4338,4.4026766,59
2216,2.69897,4308,4.7842903,4470,3.9394343,-162
2217,5.204113,1912,6.524673,3864,5.435876,-1952
2218,5.1958537,1913,6.524673,3863,5.435876,-1950
2219,5.0721116,1914,6.524673,3862,5.435876,-1948
2220,6.619608,1067,6.967065,993,7.3825517,74
2221,7.407823,3160,6.07805,4322,4.4730806,-1162
2222,2.48,4609,3.832058,4438,4.0689373,171
2223,2.309804,4483,4.3208394,4634,3.188382,-151
2224,9.173925,2403,6.3551927,2195,6.411912,208
2225,6.6697893,3437,5.9757066,2919,6.0055695,518
2226,6.425853,2624,6.2694917,2502,6.2486105,122
2227,6.153601,1230,6.884253,1309,7.059229,-79
2228,7.317855,2015,6.4909234,3347,5.7966194,-1332
2229,7.258848,2014,6.4909234,3348,5.7966194,-1334
2230,8.437707,381,7.842057,431,8.1718445,-50
2231,6.4813547,2078,6.467923,2798,6.074653,-720
2232,6.92775,2999,6.1391983,1454,6.944151,1545
2233,6.7956085,1615,6.658396,1639,6.7731066,-24
2234,7.7423215,258,8.205132,638,7.911558,-380
2235,6.966174,1947,6.511395,1580,6.829879,367
2236,9.267606,625,7.4861655,936,7.4773836,-311
2237,7.5982547,665,7.4267325,1077,7.287734,-412
2238,5.399989,3089,6.102523,2068,6.4754086,1021
2239,6.0399575,2904,6.169447,1175,7.1730413,1729
2240,6.599825,721,7.340588,1173,7.1748667,-452
2241,3.72,4582,3.9528878,4457,3.9857318,125
2242,6.6380835,1296,6.8349032,1317,7.0479703,-21
2243,6.899664,668,7.4228344,676,7.8415804,-8
2244,6.4498816,2467,6.334008,574,8.023701,1893
2245,8.173925,172,8.46423,303,8.364335,-131
2246,8.677781,285,8.119353,124,8.605297,161
2247,8.585027,269,8.182306,158,8.554334,111
2248,8.853872,255,8.205972,133,8.597049,122
2249,7.9956784,348,7.930217,283,8.386971,65
2250,8.09691,349,7.922982,346,8.29991,3
2251,6.4558077,2539,6.3016744,1025,7.3358216,1514
2252,6.999566,1882,6.541574,792,7.680074,1090
2253,7.080399,2027,6.4866066,1113,7.2423353,914
2254,8.823909,402,7.795699,193,8.512083,209
2255,8.619789,180,8.445258,830,7.6273966,-650
2256,8.267606,181,8.445258,843,7.6130543,-662
2257,5.1487355,3397,5.995473,4238,4.7508736,-841
2258,6.0361648,1901,6.5338187,3801,5.506177,-1900
2259,5.408924,3196,6.0614786,3402,5.77211,-206
2260,5.6020427,3537,5.9230294,3200,5.866791,337
2261,6.2675257,3224,6.0552926,2729,6.112721,495
2262,6.522734,3222,6.0552926,2731,6.112721,491
2263,5.537587,3236,6.0549483,3331,5.8023405,-95
2264,6.7956085,3226,6.0552926,2738,6.112721,488
2265,6.958213,3234,6.0552926,2740,6.112721,494
2266,7.1129456,930,7.092705,1780,6.653372,-850
2267,6.8857226,3228,6.0552926,2733,6.112721,495
2268,5.8238797,3250,6.05017,3434,5.752964,-184
2269,6.7956085,2851,6.1875887,2834,6.0529127,17
2270,5.3872056,2780,6.21297,3448,5.7431593,-668
2271,6.65738,3235,6.0552926,2736,6.112721,499
2272,7.0127807,2681,6.2466702,3443,5.744589,-762
2273,6.920457,3612,5.890328,3758,5.5565658,-146
2274,9.431798,238,8.261184,530,8.080102,-292
2275,7.2284126,3068,6.1095853,3185,5.8748584,-117
2276,7.7931743,3231,6.0552926,2728,6.112721,503
2277,7.7189665,3517,5.9359555,3623,5.637581,-106
2278,7.7423215,3232,6.0552926,2737,6.112721,495
2279,7.365523,3233,6.0552926,2732,6.112721,501
2280,9.481486,240,8.261184,535,8.080102,-295
2281,9.267606,239,8.261184,536,8.080102,-297
2282,7.480172,3627,5.882136,2959,5.9825363,668
2283,7.636388,3227,6.0552926,2734,6.112721,493
2284,9.283997,235,8.261184,531,8.080102,-296
2285,7.7189665,3230,6.0552926,2735,6.112721,495
2286,9.468521,236,8.261184,532,8.080102,-296
2287,8.677781,3628,5.882136,2957,5.9825363,671
2288,9.29243,241,8.261184,533,8.080102,-292
2289,7.551294,3629,5.882136,2958,5.9825363,671
2290,7.251037,3229,6.0552926,2730,6.112721,499
2291,9.318759,242,8.261184,534,8.080102,-292
2292,8.187087,1501,6.728925,2609,6.192871,-1108
2293,6.3026834,3022,6.130683,2876,6.0272527,146
2294,5.9565983,2688,6.245096,3098,5.9152727,-410
2295,6.7642193,3688,5.8320765,3090,5.919176,598
2296,6.443577,1424,6.7588587,3127,5.8979173,-1703
2297,5.397929,3533,5.9252763,3571,5.6713314,-38
2298,6.537452,2018,6.488509,3171,5.8816347,-1153
2299,6.999566,2680,6.2466702,3444,5.744589,-764
2300,6.7692957,2268,6.3981123,2921,6.0050797,-653
2301,7.600326,3173,6.072775,3547,5.68519,-374
2302,5.0555124,2824,6.197493,3617,5.6412086,-793
2303,5.309795,3342,6.0199924,2867,6.0346346,475
2304,6.167427,2486,6.3252053,3844,5.458314,-1358
2305,5.7212234,3401,5.9934072,3228,5.857114,173
2306,5.4559197,3249,6.05017,3433,5.752964,-184
2307,5.397929,3592,5.900134,3318,5.812589,274
2308,6.698753,2854,6.1865277,3092,5.9184628,-238
2309,5.3372326,2503,6.315296,2818,6.0633984,-315
2310,5.346778,3389,5.998999,2843,6.0482144,546
2311,6.508498,3046,6.120576,2960,5.9810786,86
2312,5.7447033,3072,6.1085663,3521,5.6976185,-449
2313,6.142607,2761,6.219461,3783,5.521644,-1022
2314,5.6020427,3466,5.9635315,3378,5.7816486,88
2315,5.397929,3824,5.685104,3770,5.541991,54
2316,5.9585676,3496,5.947929,3494,5.713602,2
2317,5.58501,3119,6.0914307,4040,5.17671,-921
2318,5.2441177,2811,6.2031407,3591,5.652329,-780
2319,5.207601,3890,5.598737,3983,5.274255,-93
2320,5.1426616,3896,5.5886903,3705,5.585445,191
2321,5.2518044,3574,5.907586,3669,5.605839,-95
2322,5.4685082,3597,5.8975096,3840,5.4623203,-243
2323,5.2924213,2612,6.27305,3245,5.850402,-633
2324,6.4813547,2376,6.3641305,3262,5.843921,-886
2325,7.0039263,1721,6.606144,3688,5.5961986,-1967
2326,5.6020427,3756,5.774517,3890,5.3955383,-134
2327,5.481473,3133,6.087404,3465,5.7338085,-332
2328,5.408924,3641,5.874771,2667,6.1642346,974
2329,6.443577,1672,6.6256204,2390,6.3040743,-718
2330,5.2839885,2584,6.281571,3267,5.84253,-683
2331,5.4317865,3322,6.026424,3556,5.6798334,-234
2332,5.6575575,2543,6.2993326,2378,6.3092117,165
2333,5.9207826,3136,6.0868797,3632,5.633219,-496
2334,5.397929,2961,6.1501474,3543,5.6882606,-582
2335,6.113453,3687,5.8320765,3091,5.9191756,596
2336,7.107349,1657,6.6310744,3721,5.5786147,-2064
2337,5.060476,3776,5.7442966,3191,5.870876,585
2338,5.9585676,2273,6.397228,3731,5.571329,-1458
2339,5.4685082,1353,6.8014565,3408,5.768421,-2055
2340,6.0222306,3021,6.1308246,3708,5.5840683,-687
2341,9.366531,237,8.261184,537,8.080102,-300
2342,5.886023,2500,6.319069,3279,5.8366795,-779
2343,6.5526867,3613,5.890328,3757,5.5565658,-144
2344,6.5526867,2349,6.372511,3129,5.8977532,-780
2345,6.5684752,1637,6.642323,3466,5.7325926,-1829
2346,5.1307626,3305,6.0349326,3899,5.386397,-594
2347,5.537587,2687,6.245096,3096,5.915273,-409
2348,5.2291408,3894,5.5973215,3231,5.856655,663
2349,5.4685082,2735,6.2291293,3246,5.8498507,-511
2350,6.4813547,842,7.2001715,2604,6.2011766,-1762
2351,6.7692957,1362,6.7925987,3646,5.6229277,-2284
2352,6.167427,2941,6.158394,3116,5.9056563,-175
2353,5.5528264,2653,6.257871,3787,5.5173674,-1134
2354,6.3009434,931,7.092705,1779,6.653372,-848
2355,7.6757174,2237,6.4071183,3283,5.833707,-1046
2356,5.309795,2364,6.3677144,3921,5.3612905,-1557
2357,5.56862,2093,6.4598603,2988,5.9682393,-895
2358,5.638253,2957,6.151179,3456,5.7389154,-499
2359,6.091461,1328,6.8165636,3190,5.8711405,-1862
2360,5.2596292,3324,6.025649,3883,5.4092946,-559
2361,5.214663,3412,5.988418,3501,5.710269,-89
2362,5.4559197,2727,6.2318945,1781,6.65246,946
2363,6.065451,3225,6.0552926,2739,6.112721,486
2364,5.58501,3132,6.08772,3061,5.9325995,71
2365,5.3767405,3457,5.9653106,3317,5.8131766,140
2366,6.4316807,2850,6.1875887,2833,6.0529137,17
2367,5.2218413,3900,5.587488,3648,5.6212654,252
2368,5.6197705,3861,5.644182,3939,5.337904,-78
2369,5.4436855,2298,6.390751,3356,5.7925277,-1058
2370,5.6197705,1498,6.732153,3064,5.9321833,-1566
2371,5.67776,953,7.0633655,3297,5.823411,-2344
2372,5.3665214,1881,6.5428987,3419,5.7616796,-1538
2373,5.1426616,3413,5.987673,3169,5.882745,244
2374,5.408924,2821,6.1980147,2660,6.1675935,161
2375,5.481473,1981,6.5023527,3718,5.580101,-1737
2376,5.346778,2755,6.2209353,2971,5.975684,-216
2377,7.3458233,2269,6.3981123,2922,6.0050793,-653
2378,5.420205,3893,5.5973215,3232,5.8566546,661
2379,5.420205,2659,6.2570353,3074,5.9256043,-415
2380,5.3872056,3131,6.08772,3062,5.932599,69
2381,6.8857226,2350,6.372511,3128,5.8977532,-778
2382,5.3767405,2787,6.2103024,3242,5.851575,-455
2383,5.67776,3573,5.907586,3668,5.605839,-95
2384,6.1486807,2270,6.398086,3754,5.560794,-1484
2385,5.8238797,2363,6.3677144,3920,5.3612905,-1557
2386,6.15484,3071,6.1085663,3522,5.6976185,-451
2387,5.09151,3777,5.7442966,3192,5.8708754,585
2388,6.958213,841,7.2001715,2603,6.2011766,-1762
2389,5.9207826,3823,5.685104,3769,5.541991,54
2390,8.79588,1502,6.728925,2610,6.192871,-1108
2391,5.3872056,2962,6.1501474,3544,5.68826,-582
2392,5.6575575,3465,5.9635315,3379,5.7816486,86
2393,7.243364,2853,6.1865277,3093,5.9184628,-240
2394,5.408924,2297,6.390751,3355,5.7925277,-1058
2395,5.9207826,3895,5.5886903,3704,5.585445,191
2396,6.3978314,1982,6.5023527,3719,5.580101,-1737
2397,5.3565373,3354,6.0144906,3624,5.6374016,-270
2398,6.7692957,3223,6.0552926,2741,6.1127205,482
2399,5.7958527,3860,5.644182,3938,5.337904,-78
2400,6.6018863,1671,6.6256204,2389,6.3040743,-718
2401,5.537587,3195,6.0614786,3403,5.772109,-208
2402,5.638253,2726,6.2318945,1782,6.6524596,944
2403,6.2675257,2544,6.2993326,2377,6.3092117,167
2404,6.6018863,2823,6.197493,3616,5.6412086,-793
2405,5.886023,2652,6.257871,3786,5.517368,-1134
2406,6.721018,2485,6.3252053,3843,5.458314,-1358
2407,6.0505614,2585,6.281571,3268,5.8425293,-683
2408,6.853562,2940,6.158394,3117,5.905656,-177
2409,6.075669,2274,6.397228,3732,5.5713286,-1458
2410,6.0176835,2762,6.219461,3784,5.5216436,-1022
2411,5.67776,2734,6.2291293,3247,5.8498507,-513
2412,5.9585676,2287,6.393596,2945,5.9866915,-658
2413,5.638253,3598,5.8975096,3839,5.462321,-241
2414,5.7447033,2820,6.1980147,2659,6.1675935,161
2415,6.0314703,2686,6.245096,3097,5.915273,-411
2416,7.3555613,1722,6.606144,3687,5.5961986,-1965
2417,5.508624,3414,5.9876237,3309,5.8184385,105
2418,5.6989484,3202,6.0578566,3821,5.482952,-619
2419,5.886023,3456,5.9653106,3316,5.8131766,140
2420,3.0,4314,4.778209,4451,4.0283613,-137
2421,4.2790136,4418,4.4933305,4355,4.3665724,63
2422,5.6989484,1778,6.586617,3068,5.930035,-1290
2423,7.9956784,178,8.452038,513,8.098712,-335
2424,6.443577,1814,6.5761375,1494,6.91759,320
2425,8.496209,95,8.683914,898,7.5345783,-803
2426,6.459871,1054,6.983287,943,7.4599237,111
2427,6.124881,2318,6.383279,2288,6.351419,30
2428,3.0670192,4359,4.676214,4249,4.7185364,110
2429,5.301021,4316,4.768947,4120,5.0304203,196
2430,4.657575,4371,4.6553082,4239,4.750187,132
2431,5.301021,4249,4.9121423,4235,4.7537794,14
2432,5.5228643,4302,4.803537,4078,5.106491,224
2433,5.301021,4304,4.799284,3788,5.5158424,516
2434,5.5228643,4348,4.6936927,4055,5.1429954,293
2435,5.154896,4322,4.75718,4305,4.544634,17
2436,4.5376005,4383,4.6208196,4367,4.321353,16
2437,5.154896,4358,4.676214,4250,4.7185364,108
2438,7.4168015,4125,5.1597714,4494,3.8761458,-369
2439,7.8632793,4126,5.1597714,4492,3.8761458,-366
2440,7.931814,4124,5.1597714,4493,3.8761458,-369
2441,7.7574587,624,7.488215,555,8.063809,69
2442,6.2499237,3792,5.73243,3873,5.424028,-81
2443,6.6018863,2091,6.460179,2509,6.2436514,-418
2444,6.6018863,2174,6.429957,2499,6.2519956,-325
2445,7.600326,684,7.404132,2781,6.088168,-2097
2446,8.387217,683,7.404132,2780,6.088168,-2097
2447,7.600326,2399,6.356748,1741,6.7010193,658
2448,6.3766475,2891,6.173779,1994,6.518064,897
2449,9.408936,456,7.7046037,709,7.8018093,-253
2450,3.0222764,4360,4.675329,4240,4.7497554,120
2451,6.8236194,940,7.080005,1251,7.105474,-311
2452,7.055024,247,8.223724,1161,7.1933866,-914
2453,8.585027,185,8.43533,737,7.7720137,-552
2454,6.537452,941,7.080005,1250,7.105474,-309
2455,7.9956784,248,8.223724,1160,7.1933866,-912
2456,7.9956784,223,8.300997,496,8.106829,-273
2457,8.585027,19,9.145368,823,7.645157,-804
2458,8.866461,743,7.320536,908,7.5182996,-165
2459,7.578396,1538,6.704759,1163,7.1927376,375
2460,3.30103,4666,3.3237977,4423,4.1227827,243
2461,8.688246,564,7.5720415,36,8.796896,528
2462,2.9208188,4048,5.3244543,3640,5.6271744,408
2463,4.85449,4075,5.256928,3954,5.303136,121
2464,7.0649967,1957,6.5065494,1688,6.7376666,269
2465,7.0127807,1032,7.00843,2534,6.238069,-1502
2466,5.5228643,1358,6.7949877,1623,6.791317,-265
2467,7.090979,1936,6.516771,1594,6.814414,342
2468,6.7956085,1980,6.5024457,2744,6.1096606,-764
2469,7.600326,3675,5.840743,3748,5.5650277,-73
2470,5.537587,3897,5.588409,1406,6.974314,2491
2471,9.136677,196,8.389725,163,8.550516,33
2472,8.552842,292,8.095989,545,8.071532,-253
2473,8.853872,164,8.481134,137,8.587185,27
2474,8.677781,225,8.296697,720,7.784177,-495
2475,8.769551,352,7.9152555,380,8.23785,-28
2476,8.585027,250,8.216084,204,8.49683,46
2477,7.954677,372,7.876092,557,8.062562,-185
2478,8.148742,249,8.218974,602,7.9598665,-353
2479,7.9956784,340,7.957948,645,7.899547,-305
2480,8.920818,212,8.322138,525,8.083149,-313
2481,8.823909,221,8.302881,187,8.520348,34
2482,8.49485,283,8.122868,291,8.379899,-8
2483,8.838632,321,8.023046,408,8.19982,-87
2484,3.6861327,4612,3.808239,4537,3.7256367,75
2485,3.9829662,4475,4.3305125,4454,4.018322,21
2486,6.6498103,1433,6.755473,1390,6.9896564,43
2487,4.698968,4168,5.092933,4365,4.3244653,-197
2488,4.698968,3943,5.524487,4297,4.5650454,-354
2489,3.4685209,4057,5.297032,4146,4.987234,-89
2490,3.0,4353,4.689759,3630,5.6352687,723
2491,8.58336,159,8.496226,249,8.43397,-90
2492,7.6978855,189,8.424335,169,8.537215,20
2493,9.221126,126,8.609618,241,8.443136,-115
2494,8.193142,188,8.427914,357,8.2749,-169
2495,9.221126,150,8.510897,355,8.280676,-205
2496,7.2292953,829,7.2179804,1049,7.30616,-220
2497,6.789735,663,7.427597,301,8.372484,362
2498,7.079459,641,7.473153,343,8.30912,298
2499,6.779735,635,7.479831,222,8.468481,413
2500,7.019542,672,7.408048,192,8.512281,480
2501,6.7497506,622,7.4947696,153,8.557745,469
2502,6.819702,655,7.4437814,52,8.768906,603
2503,6.779735,586,7.5544386,411,8.19693,175
2504,7.9858994,539,7.603612,229,8.453721,310
2505,7.179339,621,7.4948597,768,7.7206373,-147
2506,7.5683146,603,7.5313797,804,7.66656,-201
2507,6.88968,661,7.440393,103,8.644623,558
2508,7.707744,618,7.4992604,865,7.5665174,-247
2509,6.729764,637,7.477456,27,8.890883,610
2510,6.8497043,604,7.528382,179,8.531914,425
2511,7.8965383,540,7.603612,230,8.453721,310
2512,7.817015,617,7.4992604,866,7.5665174,-249
2513,5.399989,597,7.5394254,918,7.499968,-321
2514,9.746178,1145,6.924235,1023,7.3394604,122
2515,3.30103,4651,3.515372,4592,3.4264905,59
2516,3.8860564,4556,4.0856085,4450,4.031368,106
2517,3.8538716,4676,3.1267605,4631,3.1989295,45
2518,4.0969095,4655,3.4690378,4481,3.9108155,174
2519,3.5287082,4539,4.1370687,4479,3.9185827,60
2520,3.9461532,4409,4.519904,4063,5.126178,346
2521,3.8754954,4408,4.519904,4003,5.2403674,405
2522,4.659554,4407,4.519904,4064,5.126178,343
2523,4.657575,4117,5.170646,4203,4.823738,-86
2524,5.4353223,3762,5.7632804,4243,4.747057,-481
2525,4.418504,3937,5.5364585,3146,5.889755,791
2526,6.425853,2884,6.1772857,2156,6.4345093,728
2527,4.5376005,4034,5.366299,3717,5.5801086,317
2528,8.21467,335,7.9682426,651,7.8917084,-316
2529,7.154282,1856,6.5616484,1620,6.796789,236
2530,6.698753,2079,6.467853,1638,6.773164,441
2531,6.3978314,1507,6.7232275,1361,7.0108714,146
2532,6.3978314,1876,6.544167,1322,7.045183,554
2533,7.5214334,1785,6.585077,779,7.700602,1006
2534,8.677781,1261,6.85693,1332,7.036311,-71
2535,8.677781,1455,6.742591,1691,6.734264,-236
2536,8.677781,1523,6.7116094,1788,6.6496806,-265
2537,8.040958,1488,6.734322,1671,6.745763,-183
2538,6.522734,2324,6.3818374,2836,6.05103,-512
2539,7.045275,2034,6.485464,776,7.709013,1258
2540,5.309795,2033,6.485464,757,7.7421174,1276
2541,6.999566,1658,6.6308885,721,7.783307,937
2542,7.154282,1732,6.6009097,1650,6.763934,82
2543,5.499986,3905,5.583996,1898,6.567814,2007
2544,6.958213,1524,6.711479,981,7.4125834,543
2545,8.017729,1541,6.7027035,1328,7.0409265,213
2546,8.508638,1281,6.840167,1574,6.833798,-293
2547,6.124881,2342,6.3749394,2884,6.02081,-542
2548,6.425853,2442,6.342809,2113,6.458109,329
2549,9.823619,27,9.042686,220,8.468756,-193
2550,2.8860567,4414,4.502089,4334,4.4404554,80
2551,3.6989698,4415,4.502089,4333,4.4404554,82
2552,9.092588,190,8.420155,643,7.90226,-453
2553,8.829739,374,7.860522,570,8.033566,-196
2554,5.462294,3931,5.541879,2563,6.2192774,1368
2555,6.571703,1620,6.6529913,2134,6.4467406,-514
2556,7.7931743,314,8.052829,238,8.450895,76
2557,7.627088,3253,6.049609,821,7.646255,2432
2558,8.026872,3394,5.995703,1715,6.7137094,1679
2559,6.179733,3475,5.9595904,1696,6.725041,1779
2560,7.454693,1081,6.962471,809,7.662294,272
2561,7.442493,1080,6.962471,810,7.662294,270
2562,7.419075,1082,6.962471,811,7.662294,271
2563,7.398918,2506,6.3148746,1321,7.0453854,1185
2564,3.0,4188,5.051775,3751,5.5628834,437
2565,8.136677,4049,5.3212023,4442,4.05494,-393
2566,3.9507816,4568,4.002777,4411,4.175904,157
2567,4.301029,3935,5.5378656,3924,5.3576713,11
2568,3.8153083,3945,5.5215974,4588,3.4504244,-643
2569,5.0268674,2826,6.1956477,3579,5.661401,-753
2570,5.5528264,2697,6.243217,3615,5.6417804,-918
2571,7.1420646,662,7.4314694,1172,7.1812963,-510
2572,5.167229,3476,5.958794,3067,5.930085,409
2573,4.301029,4087,5.2328467,4274,4.661088,-187
2574,4.301029,4142,5.1355896,4134,5.0057383,8
2575,5.1023674,4012,5.3986154,4123,5.028577,-111
2576,5.9207826,4115,5.178422,4106,5.06357,9
2577,4.301029,4113,5.1818643,4014,5.21249,99
2578,6.124881,2752,6.222226,2527,6.242048,225
2579,8.508638,2626,6.268596,800,7.67313,1826
2580,8.585027,2542,6.2996106,769,7.718127,1773
2581,8.508638,2630,6.267096,777,7.702836,1853
2582,5.6773467,2555,6.294921,1114,7.241556,1441
2583,6.2517343,2536,6.302582,1093,7.272154,1443
2584,6.062934,2535,6.302582,1030,7.328451,1505
2585,5.918617,2512,6.314306,1044,7.314763,1468
2586,5.970576,2547,6.2970405,990,7.39247,1557
2587,6.522734,2668,6.254328,1072,7.2910995,1596
2588,7.017277,2600,6.277368,997,7.37543,1603
2589,9.2218485,2240,6.4057193,657,7.88309,1583
2590,9.1549015,2276,6.396532,618,7.93167,1658
2591,5.537587,3915,5.568127,2241,6.384675,1674
2592,5.537587,3649,5.860726,2399,6.2995996,1250
2593,5.6020427,3741,5.78714,2693,6.1435223,1048
2594,4.987159,3980,5.460726,2990,5.9653397,990
2595,5.346778,3981,5.460726,3011,5.9595485,970
2596,5.58501,3939,5.533402,2819,6.0631704,1120
2597,5.954638,3605,5.8932176,3322,5.808958,283
2598,8.508638,132,8.597675,308,8.359562,-176
2599,6.8323874,1034,7.0065346,996,7.3771725,38
2600,5.4735184,3644,5.8709507,3747,5.5652676,-103
2601,5.6043067,3122,6.0900354,3767,5.545006,-645
2602,4.5199914,3708,5.815646,3656,5.614743,52
2603,6.698753,579,7.5650268,314,8.346141,265
2604,4.5199914,2205,6.4222927,1188,7.1585703,1017
2605,4.5199914,3348,6.0166025,3868,5.4288197,-520
2606,5.929925,2392,6.359565,3685,5.5963554,-1293
2607,6.2096443,3707,5.815646,3657,5.614743,50
2608,8.60206,578,7.5650268,315,8.346141,263
2609,7.2358236,2204,6.4222927,1187,7.1585703,1017
2610,6.319574,3347,6.0166025,3867,5.4288197,-520
2611,6.3495955,2393,6.359565,3686,5.5963554,-1293
2612,5.929925,3652,5.857325,3255,5.846035,397
2613,8.568636,81,8.700839,189,8.5160055,-108
2614,6.889074,1079,6.9641137,946,7.4540815,133
2615,5.339979,3836,5.667857,3580,5.6581316,256
2616,5.6599326,3429,5.9777875,3728,5.5747204,-299
2617,7.6978855,288,8.106826,227,8.457503,61
2618,7.2211256,291,8.096063,184,8.524052,107
2619,4.3665304,4510,4.2473364,4648,3.082082,-138
2620,4.309803,4517,4.2207246,4563,3.5852494,-46
2621,4.4685197,4504,4.264147,4568,3.5661113,-64
2622,4.6382704,4451,4.429323,4567,3.572208,-116
2623,4.337241,4515,4.238303,4620,3.2577593,-105
2624,4.309803,4511,4.2462373,4635,3.1817086,-124
2625,4.6382704,4503,4.2688866,4633,3.1951652,-130
2626,4.1549015,4469,4.3479385,4612,3.278786,-143
2627,4.187086,4497,4.27607,4564,3.582058,-67
2628,4.420215,4551,4.0964813,4468,3.945828,83
2629,4.2839956,4534,4.1858892,4483,3.9096615,51
2630,4.6382704,4471,4.3413844,4472,3.9324934,-1
2631,4.3665304,4528,4.201518,4554,3.6488886,-26
2632,4.130768,4546,4.120802,4548,3.6949964,-2
2633,4.187086,4525,4.20682,4543,3.7089088,-18
2634,4.1739244,4286,4.833102,4523,3.793308,-237
2635,3.7695508,4579,3.959763,4653,3.061715,-74
2636,4.187086,4588,3.9362645,4576,3.5240557,12
2637,3.8860564,4574,3.9872108,4579,3.5115302,-5
2638,3.7447271,4577,3.9745398,4623,3.2401474,-46
2639,3.8860564,4563,4.036303,4640,3.161292,-77
2640,3.8239086,4561,4.0472736,4637,3.1747696,-76
2641,3.3098037,4569,3.9984274,4630,3.222039,-61
2642,2.5228786,4703,2.7467937,4685,2.5868597,18
2643,2.5228786,4694,2.8331738,4657,3.0186737,37
2644,2.5228786,4701,2.766397,4660,2.9718883,41
2645,2.5228786,4700,2.781516,4658,3.0046332,42
2646,2.5228786,4705,2.731247,4675,2.7178395,30
2647,3.30103,4689,2.8673916,4679,2.6457188,10
2648,2.5228786,4697,2.7985907,4678,2.6567047,19
2649,3.154902,4691,2.8524306,4673,2.7278988,18
2650,4.119186,4590,3.930995,4641,3.1561043,-51
2651,3.958607,4586,3.940159,4553,3.6618195,33
2652,4.013228,4581,3.954484,4559,3.6163967,22
2653,4.1611505,4578,3.9681878,4555,3.644315,23
2654,3.552842,4585,3.9456837,4597,3.3671758,-12
2655,3.9208183,4571,3.9920247,4619,3.2590573,-48
2656,4.0362115,4572,3.9911222,4615,3.272071,-43
2657,3.30103,4553,4.092688,4600,3.3657265,-47
2658,4.187086,4468,4.3479385,4703,2.327911,-235
2659,4.2291474,4284,4.833102,4666,2.872104,-382
2660,3.7212462,4498,4.275344,4650,3.0713594,-152
2661,3.657577,4271,4.857442,4569,3.5586317,-298
2662,3.958607,4638,3.63718,4656,3.0261,-18
2663,4.2076077,4678,3.1148927,4688,2.5685995,-10
2664,4.6382704,4555,4.085893,4642,3.142689,-87
2665,3.653647,4455,4.406547,4545,3.7058272,-90
2666,2.8538718,4112,5.1884575,3761,5.553181,351
2667,4.1106977,3903,5.585644,1545,6.8692346,2358
2668,4.3196635,3991,5.437183,3329,5.8029575,662
2669,3.632644,4005,5.41301,2657,6.170477,1348
2670,4.6615415,3883,5.609761,1723,6.7089176,2160
2671,3.3098037,4533,4.1914196,4578,3.515271,-45
2672,4.6382704,4524,4.2068853,4611,3.2794154,-87
2673,3.259637,4552,4.0953164,4590,3.4321008,-38
2674,3.958607,4575,3.9806588,4632,3.196365,-57
2675,3.8239086,4457,4.39476,4574,3.5318055,-117
2676,3.3767507,4412,4.5128684,4622,3.2493422,-210
2677,3.259637,4122,5.161257,4512,3.821317,-390
2678,3.958607,4097,5.215224,4546,3.7014158,-449
2679,3.0,4683,3.0302677,4661,2.9642527,22
2680,4.2076077,4667,3.3027916,4674,2.7252147,-7
2681,3.3098037,4554,4.092688,4599,3.3657265,-45
2682,4.2291474,4283,4.833102,4522,3.793308,-239
2683,2.2596374,4570,3.9984274,4629,3.222039,-59
2684,3.0,4692,2.8524306,4672,2.7278988,20
2685,5.9207826,1330,6.815388,869,7.56392,461
2686,4.876145,3831,5.6757007,1577,6.830861,2254
2687,6.2675257,1329,6.815388,882,7.5554867,447
2688,5.2006526,3832,5.6757007,1616,6.8048453,2216
2689,4.5734873,3774,5.7475233,1368,7.0069323,2406
2690,6.8857226,1438,6.753009,763,7.733205,675
2691,5.9392643,4006,5.4129424,1121,7.224373,2885
2692,4.7904825,4276,4.8470016,1382,6.9927173,2894
2693,4.1611505,4285,4.833102,4524,3.7933078,-239
2694,6.7119746,2770,6.217053,3034,5.945934,-264
2695,5.4463477,2769,6.217053,3035,5.945934,-266
2696,6.2789316,2768,6.217053,3036,5.945934,-268
2697,3.1118205,3730,5.7937927,4471,3.9329605,-741
2698,6.2499237,2648,6.259646,2471,6.2677794,177
2699,6.6036263,1480,6.738418,1538,6.87583,-58
2700,7.617983,3045,6.1209865,910,7.51595,2135
2701,7.118615,1154,6.9164033,652,7.890191,502
2702,9.251812,1400,6.7687974,322,8.331684,1078
2703,5.2924213,2785,6.2106843,321,8.334452,2464
2704,8.443698,477,7.6666474,160,8.552306,317
2705,8.982966,3783,5.742119,520,8.088326,3263
2706,4.522877,3759,5.7689333,1202,7.1494055,2557
2707,5.756937,2450,6.3400645,3695,5.5921583,-1245
2708,6.3009434,2449,6.3400645,3696,5.5921583,-1247
2709,4.5199914,4033,5.3678274,1006,7.361333,3027
2710,8.774691,78,8.743575,281,8.390574,-203
2711,6.899664,770,7.2718024,1278,7.087783,-508
2712,7.448794,216,8.314211,216,8.477196,0
2713,4.508637,4255,4.8913865,4332,4.44121,-77
2714,5.1487355,4253,4.8913865,4331,4.44121,-78
2715,5.4436855,4254,4.8913865,4330,4.44121,-76
2716,5.0506053,4103,5.2033033,3879,5.4177847,224
2717,4.4685197,3873,5.6237373,4521,3.7982883,-648
2718,8.886057,3874,5.6237373,4520,3.7982883,-646
2719,4.0648956,4435,4.47055,4418,4.1400447,17
2720,4.2813315,4436,4.47055,4419,4.1400447,17
2721,4.9090333,4449,4.449179,4429,4.097053,20
2722,4.4532094,4448,4.449179,4428,4.097053,20
2723,7.856985,375,7.8544803,722,7.781534,-347
2724,7.199283,1580,6.6782436,798,7.673578,782
2725,7.954677,1371,6.786443,3734,5.568061,-2363
2726,7.2139587,1699,6.6203904,4016,5.210489,-2317
2727,6.2675257,1978,6.503052,1409,6.971816,569
2728,6.8857226,2646,6.260064,2342,6.3241997,304
2729,4.5686345,4144,5.1320157,3563,5.6762013,581
2730,8.886057,728,7.325862,1982,6.5254064,-1254
2731,8.443698,644,7.463953,1436,6.9566846,-792
2732,8.443698,929,7.0939803,1975,6.5291557,-1046
2733,9.6575775,1323,6.8203845,1469,6.934451,-146
2734,8.387217,378,7.847839,1340,7.0283327,-962
2735,6.889074,647,7.4635363,1555,6.862217,-908
2736,7.059982,584,7.56038,1214,7.139081,-630
2737,7.454693,368,7.8844543,1358,7.0119786,-990
2738,3.958607,4391,4.6007724,4277,4.6473513,114
2739,4.180455,4410,4.5155454,4000,5.243683,410
2740,4.2291474,4447,4.4545836,3763,5.5519876,684
2741,3.9393017,4369,4.656714,4052,5.147898,317
2742,4.309803,4375,4.6509066,3859,5.4390306,516
2743,4.301029,4405,4.535153,4282,4.6112657,123
2744,4.1366763,4439,4.4651775,4204,4.823667,235
2745,3.9281175,4386,4.6077404,4270,4.6751595,116
2746,7.186419,2303,6.3898454,3085,5.9224486,-782
2747,5.10001,1926,6.5202084,350,8.287858,1576
2748,4.0999985,1799,6.579462,601,7.960088,1198
2749,4.8999968,1925,6.5202084,351,8.287858,1574
2750,4.1999993,1384,6.7779408,666,7.863764,718
2751,4.0999994,1800,6.579462,600,7.960088,1200
2752,6.5898304,607,7.522222,577,8.0208,30
2753,9.30103,752,7.3115187,2168,6.4294024,-1416
2754,7.636388,1188,6.896569,917,7.5044684,271
2755,6.8693447,1211,6.8891797,839,7.6184387,372
2756,6.8687024,1210,6.8891797,838,7.6184387,372
2757,7.9956784,363,7.899194,1019,7.341879,-656
2758,7.1129456,757,7.2980285,1485,6.9247203,-728
2759,9.752027,362,7.899194,1088,7.2806807,-726
2760,6.6018863,2145,6.438412,2538,6.235088,-393
2761,6.6018863,2125,6.44827,2526,6.242527,-401
2762,6.698753,1449,6.744781,1611,6.8058968,-162
2763,8.920818,272,8.167421,1467,6.938176,-1195
2764,8.721247,326,7.9999743,1242,7.1174073,-916
2765,8.065501,498,7.6517053,1579,6.8301554,-1081
2766,8.130768,447,7.712131,1991,6.519803,-1544
2767,8.0,889,7.1339617,1474,6.9317284,-585
2768,8.148742,404,7.794097,1656,6.760964,-1252
2769,4.301029,3885,5.6047006,4108,5.061097,-223
2770,8.920818,301,8.057468,1395,6.9872446,-1094
2771,7.2991233,435,7.7480984,60,8.732916,375
2772,6.68382,2505,6.3149023,2504,6.2482576,1
2773,6.2789316,2504,6.3149023,2503,6.2482576,1
2774,8.022276,669,7.4118123,2126,6.4481916,-1457
2775,6.469672,2918,6.166292,3052,5.935843,-134
2776,9.09691,74,8.77629,276,8.392181,-202
2777,8.040958,502,7.6481133,890,7.546635,-388
2778,6.0500736,3567,5.9108696,3716,5.580283,-149
2779,5.1999636,3087,6.1043625,4027,5.1977243,-940
2780,9.237322,22,9.124299,18,8.945954,4
2781,7.7972393,591,7.5486703,1009,7.3529015,-418
2782,6.408824,3358,6.013845,3502,5.7101564,-144
2783,5.2365646,4364,4.6677837,4088,5.0889473,276
2784,6.58486,4278,4.8404083,4279,4.626668,-1
2785,4.301029,1495,6.7322206,224,8.460837,1271
2786,4.3448606,1660,6.6305437,951,7.444916,709
2787,7.448794,472,7.672716,1762,6.673262,-1290
2788,4.522877,3177,6.0718484,2006,6.5117826,1171
2789,5.6989484,2835,6.192991,1499,6.9152393,1336
2790,5.2218413,3768,5.7565618,2016,6.504508,1752
2791,5.154896,2836,6.192991,1526,6.8891525,1310
2792,5.853841,3078,6.1058493,1444,6.9506345,1634
2793,5.67776,2908,6.168446,1451,6.946436,1457
2794,5.3767405,2907,6.168446,1445,6.949507,1462
2795,4.522877,3176,6.0718484,1983,6.524909,1193
2796,9.070581,376,7.852712,1393,6.988099,-1017
2797,8.467246,645,7.463679,492,8.120098,153
2798,7.9956784,727,7.3268404,489,8.123518,238
2799,8.094744,703,7.3794265,481,8.132637,222
2800,8.486782,646,7.463679,491,8.120098,155
2801,7.498667,686,7.4023576,439,8.165415,247
2802,7.6978855,610,7.5197678,862,7.5774555,-252
2803,8.193142,639,7.474533,391,8.219182,248
2804,5.0222716,1572,6.6813235,424,8.179222,1148
2805,6.4155555,3611,5.890927,694,7.8193054,2917
2806,6.8236194,3402,5.9924197,812,7.6620193,2590
2807,7.551294,3350,6.0158753,462,8.140875,2888
2808,4.7097406,4246,4.9222736,4532,3.7446325,-286
2809,7.954677,3719,5.803013,4283,4.6047688,-564
2810,6.4558077,4046,5.330251,3590,5.652549,456
2811,5.0999947,3956,5.5106363,3353,5.793906,603
2812,5.699979,760,7.2901936,2854,6.0386295,-2094
2813,8.094744,1387,6.7747993,3430,5.7541256,-2043
2814,9.148742,21,9.135555,24,8.91137,-3
2815,9.036212,503,7.647169,304,8.362227,199
2816,7.6757174,364,7.8967714,611,7.937706,-247
2817,5.6989484,4093,5.2208204,3690,5.5941696,403
2818,6.0999446,3033,6.127535,1666,6.750101,1367
2819,5.499986,3237,6.05475,1705,6.7219925,1532
2820,6.299911,2517,6.3107243,1585,6.8234134,932
2821,6.299911,2344,6.374878,1581,6.828512,763
2822,6.7517815,344,7.9444513,648,7.8987436,-304
2823,6.6018863,2214,6.418579,2666,6.164484,-452
2824,7.2343316,1245,6.8653474,911,7.513359,334
2825,6.698753,2002,6.496918,1233,7.1249113,769
2826,8.060481,4120,5.1652465,1813,6.618543,2307
2827,9.254145,14,9.249113,13,9.0865,1
2828,7.767004,1616,6.658235,1493,6.919549,123
2829,7.251037,1696,6.6211543,1190,7.157056,506
2830,8.148742,1121,6.9392633,1342,7.025224,-221
2831,6.902743,958,7.059517,1365,7.0077333,-407
2832,9.746178,128,8.607417,594,7.983439,-466
2833,3.1870866,4319,4.761964,3860,5.4387035,459
2834,7.498667,896,7.112595,1109,7.243967,-213
2835,4.481485,4349,4.693362,4180,4.8881397,169
2836,7.7931743,3958,5.5054045,930,7.4805493,3028
2837,7.954677,913,7.1026387,415,8.193798,498
2838,3.3372421,3932,5.541842,4371,4.2970304,-439
2839,8.21467,199,8.375965,560,8.060119,-361
2840,3.2218487,4573,3.989964,4575,3.5295036,-2
2841,6.3674417,3785,5.741028,2501,6.2501736,1284
2842,7.442493,1819,6.572444,2052,6.4846797,-233
2843,4.1745734,4143,5.1352963,4437,4.0690436,-294
2844,4.886053,4056,5.2985473,3925,5.355043,131
2845,2.8538718,4014,5.3935895,4495,3.8716576,-481
2846,3.1487415,4015,5.3935895,4496,3.8716576,-481
2847,3.30103,4653,3.4932005,4401,4.1960645,252
2848,9.638272,504,7.645011,118,8.61486,386
2849,7.396856,2708,6.23849,348,8.291422,2360
2850,6.3097153,2438,6.3448815,340,8.30961,2098
2851,3.1870866,4273,4.854448,1357,7.0131574,2916
2852,9.60206,234,8.264558,150,8.570866,84
2853,4.522877,1098,6.952607,14,9.049474,1084
2854,2.8239088,4690,2.853312,4645,3.087971,45
2855,2.60206,4702,2.7527559,4625,3.2326431,77
2856,9.142668,319,8.028399,1392,6.9895086,-1073
2857,9.29243,205,8.3349285,1381,6.9948883,-1176
2858,6.9909744,2617,6.271797,1729,6.704851,888
2859,3.2218487,4342,4.707869,4378,4.270149,-36
2860,5.633372,3817,5.694019,2806,6.068859,1011
2861,5.8341327,1504,6.726358,2622,6.1841154,-1118
2862,4.3279014,3804,5.7183523,1774,6.6600904,2030
2863,5.853841,670,7.4116273,2129,6.4475245,-1459
2864,9.645891,11,9.314203,17,9.000132,-6
2865,7.0649967,2143,6.4411874,2125,6.448872,18
2866,2.5228786,4693,2.8483272,4587,3.4564137,106
2867,6.9465375,2736,6.2290897,2962,5.9799366,-226
2868,7.454693,2352,6.3710895,2246,6.381436,106
2869,3.19,4361,4.671752,3934,5.339737,427
2870,7.0127807,1035,7.0062065,1950,6.5483036,-915
2871,6.958213,1013,7.021669,1591,6.818315,-578
2872,7.059982,1391,6.772689,2092,6.4700737,-701
2873,7.767004,1403,6.768415,1777,6.6546917,-374
2874,7.6757174,1341,6.810314,1481,6.930381,-140
2875,8.148742,946,7.0705824,1429,6.9616203,-483
2876,7.493495,947,7.0705824,1324,7.042924,-377
2877,7.375718,1315,6.8272595,1701,6.7231674,-386
2878,6.619608,1061,6.9739466,1743,6.6970253,-682
2879,5.4388866,2201,6.4234495,3962,5.2929564,-1761
2880,5.4700437,3913,5.5721335,3413,5.76565,500
2881,8.148742,382,7.8386574,413,8.194769,-31
2882,6.698753,1375,6.7843413,1652,6.762434,-277
2883,4.9099855,3887,5.6015887,3930,5.341278,-43
2884,4.5199914,4095,5.2165728,4290,4.574188,-195
2885,4.779889,4153,5.110256,4139,5.000986,14
2886,7.03105,751,7.311845,914,7.508626,-163
2887,7.12436,1083,6.961975,1110,7.2432537,-27
2888,7.2749057,916,7.101397,1806,6.627713,-890
2889,5.7447033,2029,6.486154,1885,6.5792346,144
2890,5.537587,1842,6.5638986,1909,6.559531,-67
2891,6.3009434,1841,6.5638986,1913,6.559531,-72
2892,9.481486,112,8.656834,628,7.9264793,-516
2893,6.3766475,1846,6.5638986,1907,6.559531,-61
2894,6.102318,1848,6.5638986,1914,6.559531,-66
2895,5.886023,1847,6.5638986,1908,6.559531,-61
2896,9.148742,107,8.656834,630,7.9264793,-523
2897,8.920818,106,8.656834,621,7.9264793,-515
2898,6.4683933,1801,6.5791893,2582,6.208464,-781
2899,6.236497,1851,6.5638986,1915,6.559531,-64
2900,9.522879,105,8.656834,622,7.9264793,-517
2901,9.537602,103,8.656834,623,7.9264793,-520
2902,6.124881,1840,6.5638986,1920,6.559531,-80
2903,5.508624,3116,6.092247,2743,6.1100445,373
2904,6.420102,1853,6.5638986,1919,6.559531,-66
2905,6.0808697,1852,6.5638986,1918,6.559531,-66
2906,5.638253,3637,5.8781786,2932,5.9972277,705
2907,9.619789,110,8.656834,624,7.9264793,-514
2908,9.455932,104,8.656834,625,7.9264793,-521
2909,5.2218413,3669,5.842179,3138,5.8929768,531
2910,9.6575775,108,8.656834,626,7.9264793,-518
2911,9.677781,109,8.656834,627,7.9264793,-518
2912,6.060431,1849,6.5638986,1917,6.559531,-68
2913,6.244049,1850,6.5638986,1916,6.559531,-66
2914,5.58501,3670,5.842179,3140,5.8929768,530
2915,5.207601,2028,6.486154,1886,6.5792346,142
2916,5.58501,1843,6.5638986,1912,6.559531,-69
2917,5.9207826,1844,6.5638986,1911,6.559531,-67
2918,6.6380835,1845,6.5638986,1910,6.559531,-65
2919,9.69897,111,8.656834,629,7.9264793,-518
2920,6.619608,2160,6.4327273,2841,6.0488205,-681
2921,5.275716,2140,6.4423532,3230,5.856966,-1090
2922,6.65738,1404,6.767343,2628,6.1829677,-1224
2923,5.537587,3560,5.9133644,2873,6.030198,687
2924,5.4317865,2439,6.3444176,1748,6.6909003,691
2925,5.7958527,2975,6.1474156,2871,6.0314913,104
2926,5.6575575,3671,5.842179,3139,5.8929768,532
2927,6.32781,3473,5.9605412,2968,5.9761777,505
2928,5.31875,2473,6.3302774,3073,5.9261713,-600
2929,8.19382,834,7.2114496,896,7.539362,-62
2930,5.7447033,2723,6.233764,2938,5.9922123,-215
2931,6.0131836,2783,6.2114043,2724,6.1165676,59
2932,5.67776,2937,6.159619,3060,5.9326687,-123
2933,6.443577,2964,6.1499066,2835,6.052325,129
2934,5.886023,1322,6.8225284,3130,5.897294,-1808
2935,5.6989484,3803,5.719584,3376,5.7832165,427
2936,5.508624,3256,6.0491195,3055,5.9343176,201
2937,5.7447033,3847,5.661245,2799,6.0739746,1048
2938,5.56862,2070,6.4686265,2585,6.2066336,-515
2939,5.853841,2030,6.486154,1884,6.5792346,146
2940,5.508624,2515,6.31151,3752,5.5623827,-1237
2941,5.5528264,3672,5.841753,3050,5.937625,622
2942,5.886023,2996,6.140406,2888,6.019517,108
2943,5.346778,1648,6.6370206,1746,6.6919117,-98
2944,5.853841,3336,6.022387,3121,5.9034085,215
2945,5.6575575,3563,5.912113,2442,6.2873816,1121
2946,7.1018233,1389,6.774133,1957,6.5471582,-568
2947,6.244049,1733,6.599501,2820,6.0623155,-1087
2948,5.5528264,3440,5.97486,2683,6.1515484,757
2949,5.3665214,1937,6.515462,2193,6.4135256,-256
2950,5.886023,3117,6.092203,3119,5.9046354,-2
2951,5.481473,4195,5.040178,3429,5.7567253,766
2952,4.4559307,4063,5.2845006,3952,5.30742,111
2953,8.677781,1046,6.9949303,4033,5.1855803,-2987
2954,7.1420646,912,7.102796,801,7.671425,111
2955,5.3665214,4507,4.258642,3871,5.4261465,636
2956,7.388914,148,8.522132,269,8.40368,-121
2957,8.148742,633,7.48128,1265,7.099236,-632
2958,5.5154014,1327,6.817809,1237,7.120432,90
2959,4.4259677,3880,5.616316,4083,5.0974145,-203
2960,4.4559307,4419,4.4900684,4376,4.273177,43
2961,9.522879,2191,6.426931,1533,6.8796716,658
2962,7.090979,937,7.084169,2141,6.4434814,-1204
2963,5.4412794,2861,6.1840854,1287,7.074108,1574
2964,7.850781,1379,6.781397,1313,7.051885,66
2965,7.1797986,761,7.2879596,1087,7.2813616,-326
2966,7.3001623,720,7.346059,1046,7.3134003,-326
2967,7.5214334,862,7.173259,1239,7.1185393,-377
2968,6.0074024,3786,5.7403045,3253,5.846625,533
2969,4.9913955,2423,6.3477845,1963,6.5377197,460
2970,7.090979,2422,6.3477845,1964,6.5377197,458
2971,7.5833597,2284,6.3948083,1466,6.9392595,818
2972,7.7189665,509,7.6301026,1572,6.8351083,-1063
2973,7.326979,656,7.44364,1593,6.8166385,-937
2974,6.698753,626,7.4842467,1559,6.8549767,-933
2975,5.4317865,4402,4.5480375,4425,4.098466,-23
2976,6.346691,3827,5.679554,3854,5.4428625,-27
2977,9.09691,253,8.2109785,448,8.156389,-195
2978,9.30103,434,7.7506065,2119,6.4556446,-1685
2979,7.6978855,389,7.820977,63,8.726722,326
2980,9.806875,1266,6.8535566,1159,7.1946235,107
2981,4.6903677,4179,5.0694265,4443,4.053205,-264
2982,5.127838,4178,5.0694265,4444,4.053205,-266
2983,3.6989698,4621,3.7329552,4647,3.083893,-26
2984,4.292429,4565,4.012903,4565,3.5760067,0
2985,5.346778,4459,4.379051,4356,4.3613796,103
2986,5.1611447,4413,4.5074472,4465,3.9637747,-52
2987,6.3009434,3946,5.5202594,3554,5.681177,392
2988,5.397929,4214,4.9933996,3892,5.394009,322
2989,4.886053,3947,5.5202594,3553,5.681177,394
2990,4.5686345,4194,5.0406365,3943,5.332653,251
2991,4.9586034,729,7.3243294,1263,7.100642,-534
2992,8.486782,147,8.524425,116,8.617476,31
2993,6.643783,897,7.112442,4109,5.0601497,-3212
2994,5.8800516,3497,5.9474945,2665,6.165387,832
2995,7.2284126,1634,6.642952,2475,6.266977,-841
2996,5.638253,3822,5.6857295,4544,3.7067864,-722
2997,5.3647075,3682,5.835031,1929,6.556966,1753
2998,6.7420816,1689,6.624431,1881,6.580328,-192
2999,5.853841,2995,6.1406817,1862,6.588727,1133
3000,6.5526867,1062,6.973856,1514,6.898592,-452
3001,6.214599,1446,6.7451367,1690,6.7364383,-244
3002,5.8238797,1447,6.7451367,1731,6.7021465,-284
3003,7.78728,730,7.324168,771,7.7158194,-41
3004,5.5999823,2056,6.47532,888,7.5473833,1168
3005,6.4558077,3747,5.7799425,4336,4.4352336,-589
3006,6.259558,1635,6.642695,3015,5.9555683,-1380
3007,4.7958775,4221,4.9720154,4163,4.943246,58
3008,5.6020427,3724,5.7980804,3436,5.749994,288
3009,5.279998,4051,5.3145833,4103,5.0694485,-52
3010,6.159831,394,7.8151054,1042,7.3193636,-648
3011,6.462055,1804,6.577971,2094,6.469089,-290
3012,6.5001755,1505,6.725566,1484,6.9256477,21
3013,6.259558,1805,6.577971,1478,6.931408,327
3014,6.124881,2316,6.383956,2537,6.2358613,-221
3015,6.5984273,2838,6.1921086,4245,4.7458377,-1407
3016,7.149415,1529,6.709723,565,8.052149,964
3017,7.4687767,395,7.8136964,482,8.132552,-87
3018,9.58838,2,9.569102,15,9.033544,-13
3019,7.199283,547,7.5893407,43,8.785119,504
3020,9.880744,5,9.544677,11,9.118067,-6
3021,9.787546,1,9.599734,12,9.096262,-11
3022,9.746178,3,9.564979,16,9.001577,-13
3023,4.6020584,3938,5.5348625,1828,6.605443,2110
3024,3.0,4516,4.2214875,4247,4.7227592,269
3025,3.5228786,4460,4.375586,4275,4.6557074,185
3026,7.536107,1958,6.506348,2219,6.4000177,-261
3027,6.4947143,3384,6.002269,2776,6.093582,608
3028,6.5684752,792,7.253778,1578,6.8307495,-786
3029,6.167427,791,7.254331,1826,6.6062784,-1035
3030,7.536107,2092,6.4598756,2218,6.4012613,-126
3031,8.040958,960,7.0545516,2051,6.485121,-1091
3032,8.508638,1325,6.8180346,2208,6.406896,-883
3033,8.21467,1434,6.7554216,2228,6.3907056,-794
3034,6.8236194,2336,6.3780165,2505,6.2476773,-169
3035,6.4813547,2391,6.3595953,3032,5.9469543,-641
3036,6.1078496,4008,5.408704,3534,5.691119,474
3037,4.9318104,4041,5.342022,2432,6.294083,1609
3038,5.3372326,4036,5.362184,3796,5.510994,240
3039,6.0087295,3983,5.4587264,4050,5.148543,-67
3040,5.3372326,4053,5.303831,3811,5.4917316,242
3041,5.397929,4035,5.362675,4037,5.178894,-2
3042,5.7144203,3986,5.451604,3850,5.4479265,136
3043,5.346778,3987,5.451604,3851,5.4479265,136
3044,6.4813547,4037,5.362184,3795,5.510994,242
3045,7.1360826,3439,5.9748745,3136,5.893939,303
3046,7.1360826,3373,6.0063953,4020,5.206116,-647
3047,7.8894105,2118,6.4500527,1007,7.356826,1111
3048,7.696804,2119,6.4500527,916,7.507326,1203
3049,8.943095,2073,6.468473,2050,6.4856024,23
3050,6.3564487,1478,6.7391458,1645,6.7675433,-167
3051,6.942714,2471,6.3327436,2194,6.4125676,277
3052,6.20128,2379,6.3630366,2008,6.5097246,371
3053,7.0254884,1445,6.745429,1893,6.572279,-448
3054,5.901322,660,7.441081,1031,7.3271914,-371
3055,7.2492604,1592,6.6734905,2127,6.4479375,-535
3056,6.9051795,2426,6.3469343,1988,6.5217376,438
3057,6.919013,1603,6.663,2256,6.3733664,-653
3058,6.2410126,2722,6.233842,1812,6.6195717,910
3059,6.0808697,2437,6.3450685,2301,6.3417754,136
3060,7.952725,2456,6.337427,2088,6.4723544,368
3061,6.5001755,828,7.2187977,1448,6.948573,-620
3062,8.007005,1364,6.791496,2318,6.3379755,-954
3063,8.712198,1788,6.5829,2539,6.2345653,-751
3064,6.2138877,716,7.352059,1520,6.892086,-804
3065,7.877129,1719,6.6068945,2878,6.0265036,-1159
3066,6.271565,1522,6.712402,2206,6.407783,-684
3067,6.0619307,736,7.321476,1230,7.1257925,-494
3068,6.064442,673,7.406353,1070,7.292683,-397
3069,7.1701818,2211,6.419347,1936,6.5506945,275
3070,7.843148,1596,6.669599,1985,6.5232463,-389
3071,7.1430297,2548,6.29696,2588,6.2043104,-40
3072,7.0791464,2602,6.2768254,2698,6.141093,-96
3073,9.60206,1695,6.622926,2674,6.1581783,-979
3074,7.8827286,2583,6.282611,1664,6.7547874,919
3075,7.395882,1546,6.6966734,2677,6.154789,-1131
3076,7.9229956,2446,6.3405156,2065,6.4779296,381
3077,6.452102,2220,6.4144454,2040,6.489019,180
3078,6.0909257,651,7.451204,1095,7.2691336,-444
3079,8.07007,2394,6.3593407,2385,6.3055487,9
3080,6.019497,605,7.527581,980,7.415935,-375
3081,7.767004,1452,6.7435555,1653,6.761812,-201
3082,7.5448503,3252,6.049813,2369,6.312298,883
3083,8.073143,2458,6.3371096,2494,6.2549872,-36
3084,6.4933596,2707,6.2385273,1607,6.8074145,1100
3085,7.211478,1494,6.732556,2149,6.4381824,-655
3086,6.1185584,840,7.2013164,1346,7.0230594,-506
3087,7.567031,2321,6.382776,2355,6.319957,-34
3088,6.4223933,872,7.1639094,1117,7.2294903,-245
3089,7.480829,2463,6.335266,2035,6.491498,428
3090,7.9817157,1513,6.717905,2063,6.4783,-550
3091,7.7377863,1486,6.735627,1627,6.7844114,-141
3092,8.3019,2323,6.3822217,2883,6.0221987,-560
3093,7.2968807,2621,6.270392,2157,6.4340577,464
3094,8.507239,1423,6.7601533,1802,6.6340437,-379
3095,7.8256493,1124,6.934648,2449,6.283236,-1325
3096,6.1850204,664,7.4268475,1125,7.2184086,-461
3097,5.9207826,827,7.222502,1294,7.0684795,-467
3098,8.042871,1798,6.5802765,2444,6.286358,-646
3099,6.2061396,830,7.2173467,1261,7.1010323,-431
3100,6.73969,2239,6.4062495,1889,6.5775733,350
3101,7.2492604,1769,6.591629,2491,6.2565727,-722
3102,6.504317,2553,6.295991,2392,6.3031435,161
3103,7.7447276,2432,6.346362,2568,6.213566,-136
3104,7.35164,2358,6.368892,1930,6.5553775,428
3105,7.7698064,3216,6.057033,2085,6.4730053,1131
3106,7.291409,1360,6.7939973,1586,6.8222923,-226
3107,8.091515,1489,6.7341566,1708,6.721233,-219
3108,8.548214,1552,6.6918106,1751,6.689827,-199
3109,7.0218654,2598,6.2780356,2359,6.318378,239
3110,8.946921,1492,6.733338,3099,5.9152527,-1607
3111,7.5805397,984,7.0323725,2745,6.109394,-1761
3112,7.032031,2155,6.4349966,2105,6.4649806,50
3113,9.148742,2576,6.2861767,2500,6.2508693,76
3114,7.6232405,2459,6.337051,2111,6.45923,348
3115,7.627088,1812,6.5763907,2679,6.1533775,-867
3116,9.148742,1542,6.702579,1595,6.81297,-53
3117,7.7931743,1244,6.865521,1376,7.000375,-132
3118,7.045275,1128,6.9307966,1521,6.8920727,-393
3119,4.614392,4059,5.296424,3651,5.6176777,408
3120,4.7435203,1483,6.7367263,2166,6.4301805,-683
3121,6.443577,1954,6.5075264,1032,7.325978,922
3122,6.920457,1562,6.6855965,708,7.8025823,854
3123,7.454693,981,7.0355396,1011,7.3513546,-30
3124,9.09691,84,8.697528,114,8.621716,-30
3125,6.5684752,1510,6.718888,1412,6.967662,98
3126,3.6458914,4550,4.100094,4390,4.2407713,160
3127,3.8326824,4401,4.553108,4407,4.17868,-6
3128,3.4814858,4544,4.127402,4410,4.1759357,134
3129,3.632644,4541,4.1316113,4394,4.2200236,147
3130,4.5917583,4532,4.193238,4382,4.2586575,150
3131,4.6615415,4519,4.215317,4402,4.1946325,117
3132,4.1817737,4509,4.2558155,4417,4.1586123,92
3133,4.503069,4536,4.1752405,4434,4.0781994,102
3134,4.187086,4489,4.303392,4413,4.1678944,76
3135,8.259637,966,7.0495625,1047,7.3131547,-81
3136,6.052027,312,8.054261,1320,7.0456333,-1008
3137,7.258848,1060,6.975278,1178,7.1701946,-118
3138,7.50724,891,7.127783,1289,7.072151,-398
3139,6.7187395,1345,6.80543,1359,7.011321,-14
3140,7.017277,1025,7.013369,1435,6.9575033,-410
3141,7.160522,1343,6.807859,1331,7.0375166,12
3142,7.2284126,1378,6.7824197,1311,7.0576806,67
3143,6.847406,1544,6.70029,1168,7.186451,376
3144,7.3555613,1102,6.9467263,1213,7.1397047,-111
3145,7.12436,1383,6.7786317,1119,7.227796,264
3146,7.536107,1377,6.783089,1274,7.0901637,103
3147,6.9465375,1437,6.75423,1483,6.9268255,-46
3148,6.024982,848,7.185233,1682,6.741631,-834
3149,6.3123817,976,7.0390353,1273,7.091675,-297
3150,6.537452,961,7.053934,1279,7.087003,-318
3151,7.567031,1099,6.95139,1268,7.098151,-169
3152,7.551294,938,7.081403,1286,7.07495,-348
3153,7.4672456,1147,6.9224205,1270,7.093772,-123
3154,7.3555613,1460,6.7418146,1234,7.124854,226
3155,6.8236194,1320,6.82335,1108,7.249708,212
3156,7.442493,989,7.031826,1256,7.1049957,-267
3157,6.0690002,952,7.0641146,1210,7.14431,-258
3158,5.935879,888,7.134268,1223,7.1360216,-335
3159,7.3001623,932,7.092038,1107,7.25019,-175
3160,5.760425,1094,6.956017,1241,7.1176834,-147
3161,6.7956085,1311,6.8293386,1078,7.286656,233
3162,7.6757174,1351,6.8029075,1203,7.149121,148
3163,6.8629627,964,7.0530934,1185,7.1609144,-221
3164,7.0264106,1880,6.543111,1351,7.01711,529
3165,6.8236194,687,7.4012074,1259,7.104313,-572
3166,6.0903907,1485,6.7362485,1301,7.064086,184
3167,6.0413885,260,8.200625,1670,6.7466545,-1410
3168,6.0850754,1326,6.8178663,1200,7.150813,126
3169,6.626904,1129,6.9301276,1126,7.2159185,3
3170,6.966174,1939,6.5150485,1266,7.0991383,673
3171,7.3555613,1586,6.67526,1291,7.071723,295
3172,7.454693,1331,6.8149524,1318,7.047727,13
3173,7.850781,985,7.031826,1252,7.104996,-267
3174,6.478731,1393,6.7711773,1186,7.158632,207
3175,6.7009287,831,7.2168336,1191,7.1523466,-360
3176,5.723515,986,7.031826,1255,7.104996,-269
3177,7.5833597,987,7.031826,1253,7.104996,-266
3178,5.7985754,988,7.031826,1254,7.104996,-266
3179,5.3665214,3802,5.722162,1769,6.6666927,2033
3180,5.9207826,1036,7.0057993,829,7.6370125,207
3181,6.508498,1033,7.0068784,1004,7.363153,29
3182,6.6018863,1983,6.501776,2695,6.142068,-712
3183,6.6018863,1702,6.61947,2299,6.3428655,-597
3184,4.8477087,3855,5.6587133,4054,5.1438484,-199
3185,7.600326,2635,6.2657685,3263,5.843799,-628
3186,3.638272,4514,4.2424483,4668,2.8037305,-154
3187,2.9586072,4649,3.5448096,4694,2.4369159,-45
3188,6.207538,1950,6.5105257,1973,6.5336294,-23
3189,6.7497506,4227,4.960507,3642,5.6261883,585
3190,4.6020584,3910,5.577792,3946,5.3277593,-36
3191,6.3097153,613,7.510781,938,7.475228,-325
3192,5.689923,4208,5.010839,4026,5.1992607,182
3193,2.7569618,4673,3.2197168,4628,3.2231386,45
3194,2.79588,4688,2.8798125,4646,3.0851011,42
3195,2.30103,4712,2.585804,4691,2.5093448,21
3196,2.30103,4715,2.4370942,4709,2.216512,6
3197,3.0,4711,2.5988657,4667,2.8317835,44
3198,6.756714,1668,6.626326,1972,6.5343037,-304
3199,7.06148,1019,7.017151,985,7.4048824,34
3200,2.30103,4637,3.6414409,4362,4.3299093,275
3201,3.2967086,4660,3.4078288,4617,3.2704475,43
3202,5.1299944,4331,4.7360277,3368,5.786167,963
3203,3.4999998,4330,4.7360277,3489,5.7149878,841
3204,4.4399986,2799,6.2077713,2293,6.346968,506
3205,4.339999,3808,5.705418,1055,7.3010397,2753
3206,4.9099965,3002,6.1389785,3537,5.689801,-535
3207,4.319999,4329,4.7360277,3853,5.443325,476
3208,4.699998,4099,5.2103486,3745,5.5673723,354
3209,7.189297,4328,4.7360277,3367,5.786167,961
3210,5.1299944,4327,4.7360277,3852,5.443325,475
3211,5.419989,4269,4.859594,3845,5.4580183,424
3212,5.199993,4337,4.719123,3555,5.680706,782
3213,7.099469,4197,5.037232,1958,6.546745,2239
3214,5.289992,3929,5.5434327,3750,5.5642586,179
3215,8.21467,1302,6.8320737,1038,7.3252983,264
3216,7.12436,1303,6.8320737,1036,7.325299,267
3217,6.443577,3444,5.9734497,2456,6.27954,988
3218,7.251037,1002,7.021846,2078,6.4734664,-1076
3219,6.113453,1072,6.9645195,874,7.563037,198
3220,5.7695255,3286,6.0390162,1687,6.738126,1599
3221,7.8827286,1003,7.021846,2077,6.4734664,-1074
3222,8.30103,1004,7.021846,2076,6.4734664,-1072
3223,7.7423215,1005,7.021846,2075,6.4734664,-1070
3224,7.6556077,1076,6.9645195,876,7.563037,200
3225,7.536107,1071,6.9645195,877,7.563037,194
3226,6.58486,1075,6.9645195,873,7.563037,202
3227,7.9956784,1006,7.021846,2074,6.4734664,-1068
3228,6.2290745,2409,6.3521304,2376,6.309366,33
3229,6.060431,1568,6.682648,1648,6.765423,-80
3230,6.1803904,1008,7.021846,2081,6.4734664,-1073
3231,7.821023,1010,7.021846,2082,6.4734664,-1072
3232,6.8236194,1074,6.9645195,872,7.563037,202
3233,7.442493,1011,7.021846,2083,6.4734664,-1072
3234,7.336299,1077,6.9645195,871,7.563037,206
3235,6.1937523,2124,6.448497,1851,6.5943427,273
3236,7.6757174,1012,7.021846,2084,6.4734664,-1072
3237,6.2675257,1078,6.9645195,870,7.563037,208
3238,7.9172144,1009,7.021846,2079,6.4734664,-1070
3239,5.7695255,2833,6.1934433,2531,6.2395225,302
3240,6.1937523,2513,6.313493,2250,6.376561,263
3241,7.430626,2196,6.424514,2042,6.4878945,154
3242,5.9585676,1567,6.682648,1649,6.765423,-82
3243,5.1487355,2569,6.292071,2302,6.3412685,267
3244,5.327893,3519,5.932577,2625,6.183433,894
3245,5.0555124,2806,6.2064285,1334,7.0338717,1472
3246,6.0505614,2301,6.3901587,2675,6.1577797,-374
3247,7.5833597,1654,6.631983,2110,6.4597855,-456
3248,7.3458233,836,7.2030478,1405,6.97526,-569
3249,5.67776,2798,6.2080374,2281,6.357455,517
3250,6.2217765,2767,6.2172093,1501,6.9134054,1266
3251,7.480172,1304,6.8320737,1037,7.325299,267
3252,5.6197705,3124,6.0899086,2152,6.436637,972
3253,6.6380835,2905,6.169106,2139,6.444089,766
3254,6.4813547,2860,6.1842103,1860,6.5903487,1000
3255,5.886023,2511,6.314347,2055,6.482197,456
3256,6.1366177,2695,6.243802,2266,6.3674135,429
3257,6.3009434,1763,6.5930243,2621,6.1852427,-858
3258,7.850781,1001,7.021846,2080,6.4734664,-1079
3259,7.954677,2628,6.2681427,2357,6.3185735,271
3260,5.2365646,2203,6.4224424,2581,6.208531,-378
3261,6.721018,2053,6.478193,2601,6.2014914,-548
3262,5.7958527,2994,6.140894,2072,6.4738364,922
3263,5.7212234,2169,6.430666,2093,6.46941,76
3264,6.958213,2421,6.3478913,2019,6.5030575,402
3265,6.4947143,2089,6.462577,1667,6.7497187,422
3266,7.326979,2042,6.481421,2097,6.4673862,-55
3267,5.7212234,2841,6.190899,2144,6.4416018,697
3268,5.9585676,2223,6.413877,2145,6.440845,78
3269,5.1674848,1883,6.5414596,2661,6.166945,-778
3270,6.0409107,3359,6.013845,3026,5.9486666,333
3271,6.3097153,1898,6.5352416,1568,6.8392563,330
3272,6.7444863,1027,7.010713,1015,7.3450556,12
3273,6.3009434,1892,6.537275,1714,6.714242,178
3274,8.920818,877,7.158696,1027,7.334301,-150
3275,7.0649967,2950,6.154226,1861,6.5896797,1089
3276,6.408824,3048,6.1196933,2011,6.5064096,1037
3277,6.999566,2331,6.3791995,1808,6.6258802,523
3278,7.1360826,1109,6.944422,1486,6.923974,-377
3279,6.346691,3714,5.8092937,2556,6.2230177,1158
3280,7.442493,2230,6.410048,2263,6.368552,-33
3281,5.6989484,3512,5.940428,2635,6.179847,877
3282,6.244049,3287,6.0390162,1686,6.738126,1601
3283,8.443698,1363,6.791538,693,7.8257465,670
3284,8.022276,965,7.0528245,1707,6.7216954,-742
3285,8.136677,949,7.066594,1360,7.0112305,-411
3286,7.850781,933,7.086972,919,7.4990664,14
3287,5.853841,2420,6.3479514,1127,7.21457,1293
3288,6.4947143,1064,6.9709177,742,7.763184,322
3289,8.346787,1511,6.7185273,700,7.814054,811
3290,7.536107,859,7.176217,1796,6.6418276,-937
3291,7.9172144,1070,6.965602,2474,6.267197,-1404
3292,7.186419,1058,6.976719,1997,6.517208,-939
3293,5.9207826,2360,6.368084,2303,6.341145,57
3294,8.244125,1334,6.8137703,752,7.754995,582
3295,7.850781,1440,6.7502685,1646,6.7669854,-206
3296,8.455932,1038,7.000617,1768,6.667057,-730
3297,8.065501,972,7.0423594,1302,7.0615187,-330
3298,7.617983,899,7.1102057,867,7.5664835,32
3299,7.2358236,2208,6.4217653,1229,7.125909,979
3300,7.850781,1283,6.839239,697,7.8168993,586
3301,7.7931743,1108,6.944422,1487,6.923974,-379
3302,7.130182,1026,7.010713,1014,7.3450556,12
3303,4.3979387,1986,6.500831,1271,7.0933766,715
3304,8.20066,1305,6.8320737,1035,7.325299,270
3305,7.767004,1073,6.9645195,875,7.563037,198
3306,8.431798,1007,7.021846,2073,6.473467,-1066
3307,6.77963,1354,6.8014383,606,7.9506507,748
3308,7.9172144,869,7.165363,1821,6.6084404,-952
3309,7.3458233,2575,6.2878036,1815,6.6155515,760
3310,4.318758,4450,4.4488707,4286,4.5918303,164
3311,6.65738,805,7.2465496,1275,7.0898223,-470
3312,7.2211256,804,7.2465496,1244,7.1129904,-440
3313,6.3097153,803,7.2465496,1249,7.1101866,-446
3314,4.4647045,4530,4.1977696,4430,4.0943704,100
3315,6.799724,449,7.708394,236,8.451725,213
3316,7.636388,286,8.116199,1766,6.6693535,-1480
3317,7.7423215,325,8.001031,1211,7.141003,-886
3318,5.2999916,2989,6.1424193,1961,6.540518,1028
3319,4.699998,4013,5.396909,3440,5.7447014,573
3320,5.5999823,3012,6.1337576,1855,6.592554,1157
3321,8.486782,602,7.5320764,940,7.467254,-338
3322,4.3999987,4094,5.220224,3468,5.7324944,626
3323,8.486782,470,7.679806,903,7.5264845,-433
3324,6.999566,315,8.044017,670,7.8516273,-355
3325,5.728135,3120,6.0909133,2041,6.488547,1079
3326,7.954677,756,7.298091,2685,6.149191,-1929
3327,6.522734,1866,6.5541263,2587,6.2050633,-721
3328,8.585027,866,7.1671085,1408,6.9724092,-542
3329,5.853841,867,7.1671085,1264,7.1001515,-397
3330,8.853872,868,7.1671085,1306,7.060644,-438
3331,5.638253,3948,5.518058,3949,5.3183284,-1
3332,7.3555613,1097,6.9538784,3112,5.9070196,-2015
3333,6.9867415,2126,6.4482155,3992,5.2645283,-1866
3334,7.821023,620,7.496817,1000,7.3688116,-380
3335,7.536107,3850,5.6594224,2940,5.988045,910
3336,7.850781,3851,5.6594224,2943,5.988045,908
3337,8.49485,3849,5.6594224,2942,5.988045,907
3338,7.430626,3852,5.6594224,2941,5.988045,911
3339,7.767004,2251,6.401045,1965,6.537651,286
3340,6.6380835,1817,6.57515,978,7.4176574,839
3341,5.6020427,1816,6.57515,979,7.4176574,837
3342,7.696804,2819,6.1984024,1375,7.000478,1444
3343,9.455932,463,7.6898465,1416,6.964033,-953
3344,8.086186,407,7.782697,952,7.443594,-545
3345,9.677781,505,7.63937,1614,6.805184,-1109
3346,7.7972393,514,7.6208305,211,8.482298,303
3347,6.6018863,2202,6.423226,2748,6.1087513,-546
3348,6.7692957,1347,6.804359,1151,7.2007084,196
3349,6.920457,1277,6.8431234,894,7.5421314,383
3350,6.677574,1598,6.6655846,1155,7.1987896,443
3351,7.0264106,1048,6.9917746,942,7.4664207,106
3352,6.8857226,1350,6.8034773,949,7.4484577,401
3353,6.853562,1396,6.770509,1181,7.1651015,215
3354,6.1299415,3994,5.4273777,3498,5.7115617,496
3355,5.7958527,4406,4.5280695,3488,5.71553,918
3356,5.5228643,4222,4.971082,4094,5.080029,128
3357,5.6989484,4107,5.1976414,4075,5.1083713,32
3358,5.397929,4177,5.0744915,4135,5.004817,42
3359,7.396856,3712,5.812463,4144,4.991891,-432
3360,5.301021,4201,5.0285335,4166,4.9277973,35
3361,5.4948363,3603,5.8935947,924,7.493887,2679
3362,7.283162,2281,6.395012,1148,7.2033424,1133
3363,7.7931743,2280,6.395012,1090,7.27491,1190
3364,7.7931743,2279,6.395012,1050,7.3051877,1229
3365,7.737549,1184,6.9045906,1755,6.684606,-571
3366,9.031517,731,7.3234596,1767,6.667901,-1036
3367,5.7958527,3555,5.9151855,3313,5.8148193,242
3368,5.3767405,4039,5.344047,4048,5.156951,-9
3369,5.9697647,996,7.027914,2258,6.3725553,-1262
3370,7.166853,320,8.02581,2087,6.4723916,-1767
3371,6.509901,299,8.061041,2059,6.4801817,-1760
3372,6.950394,1066,6.968837,2712,6.12716,-1646
3373,6.958213,290,8.097344,1811,6.621588,-1521
3374,7.7931743,337,7.9660044,2600,6.201707,-2263
3375,6.159831,914,7.101951,2024,6.502081,-1110
3376,7.8827286,358,7.900113,3137,5.8930855,-2779
3377,6.649558,990,7.031465,3252,5.8469305,-2262
3378,6.0808697,3976,5.465225,3877,5.421776,99
3379,6.199929,3332,6.024001,3115,5.905948,217
3380,6.3099103,3515,5.93912,3059,5.9337454,456
3381,6.1099424,3421,5.9855533,2133,6.4469886,1288
3382,6.5698442,2631,6.266982,706,7.8064756,1925
3383,5.649981,3388,6.0005016,3125,5.8979845,263
3384,6.799724,3438,5.975284,2782,6.088166,656
3385,6.8097243,2520,6.3098383,2326,6.333192,194
3386,5.769975,3102,6.0975094,986,7.400442,2116
3387,6.0899467,3130,6.088762,761,7.7374907,2369
3388,6.7497506,2749,6.222582,868,7.564807,1881
3389,6.899664,3458,5.9650006,1305,7.060665,2153
3390,6.199929,3088,6.103735,1447,6.9488664,1641
3391,6.698753,3480,5.957048,2427,6.297126,1053
3392,6.199929,3569,5.9101114,3110,5.908044,459
3393,6.49986,3004,6.138018,987,7.398779,2017
3394,5.170047,2492,6.3225455,2026,6.5004654,466
3395,9.939302,197,8.385554,4,9.390463,193
3396,9.9914,80,8.7101965,6,9.233166,74
3397,9.97881,452,7.707398,10,9.127477,442
3398,9.996539,3545,5.9187794,360,8.267529,3185
3399,6.6387444,719,7.34606,1633,6.7780676,-914
3400,4.301029,3619,5.8872046,4422,4.126061,-803
3401,6.3099103,1123,6.9359126,2703,6.137401,-1580
3402,9.380907,114,8.655704,764,7.727269,-650
3403,4.4559307,4350,4.6929216,4161,4.944729,189
3404,9.136083,113,8.655938,53,8.762352,60
3405,8.69897,211,8.322634,680,7.838685,-469
3406,7.551294,1021,7.016808,688,7.831504,333
3407,8.585027,429,7.764925,944,7.458841,-515
3408,9.091515,1084,6.9602065,1307,7.060171,-223
3409,6.999566,794,7.2532673,617,7.932496,177
3410,8.793174,403,7.794575,786,7.684621,-383
3411,4.9065747,4169,5.0910425,4010,5.2221227,159
3412,8.291579,523,7.614542,1039,7.322789,-516
3413,5.397929,3053,6.118106,4489,3.8943377,-1436
3414,7.3001623,3054,6.1180983,1399,6.979424,1655
3415,6.8010683,1235,6.8794765,1823,6.607622,-588
3416,5.5000243,3881,5.6140795,2550,6.226548,1331
3417,5.700035,3461,5.9643745,2122,6.4513283,1339
3418,5.7999434,3879,5.6164756,2062,6.479357,1817
3419,4.7999954,3922,5.560993,2692,6.14458,1230
3420,4.4999957,3582,5.903495,2630,6.182273,952
3421,8.283997,1133,6.9274416,582,8.008076,551
3422,7.4145393,347,7.9341235,1269,7.0941114,-922
3423,8.040958,2250,6.4014425,2991,5.9652367,-741
3424,7.8996296,515,7.620149,1122,7.2233844,-607
3425,6.408824,733,7.3230653,2273,6.363658,-1540
3426,6.3009434,982,7.0341945,2267,6.3672266,-1285
3427,8.055517,281,8.13236,1506,6.9074984,-1225
3428,7.551294,333,7.9745264,1772,6.665984,-1439
3429,4.5638356,4438,4.469802,4256,4.7036657,182
3430,5.1899624,4111,5.1895323,4206,4.8195486,-95
3431,9.69897,71,8.784723,855,7.597495,-784
3432,7.954677,886,7.139648,2433,6.2931395,-1547
3433,5.4700437,4200,5.032764,4285,4.600837,-85
3434,4.5199914,4289,4.8238926,4351,4.3732843,-62
3435,5.1400156,4089,5.2288475,3942,5.334245,147
3436,9.522879,60,8.837047,655,7.8846426,-595
3437,7.7931743,814,7.227408,1849,6.595783,-1035
3438,5.010012,4139,5.1433644,4158,4.9467077,-19
3439,4.5199914,4166,5.0938764,3991,5.268201,175
3440,5.489978,4154,5.1087637,4287,4.591435,-133
3441,9.39794,136,8.580395,886,7.548156,-750
3442,7.551294,894,7.1187377,2436,6.289612,-1542
3443,4.620004,4256,4.8788624,4308,4.5224514,-52
3444,4.5199914,4291,4.822111,4347,4.378126,-56
3445,2.8538718,4634,3.6741834,4542,3.710635,92
3446,2.8538718,4618,3.7736163,4577,3.5165775,41
3447,6.909742,4017,5.391687,4409,4.177803,-392
3448,7.1630435,4016,5.391687,4408,4.177803,-392
3449,6.782253,4011,5.400688,4405,4.1857495,-394
3450,7.160522,4010,5.400688,4406,4.1857495,-396
3451,7.8996296,479,7.6599107,1235,7.1241336,-756
3452,8.60206,33,9.01918,527,8.082844,-494
3453,7.317855,1839,6.5641875,3133,5.8959775,-1294
3454,5.397929,3790,5.7329783,4001,5.2411623,-211
3455,3.6216018,4393,4.592873,4497,3.870827,-104
3456,5.4179254,4372,4.6546063,4510,3.8244288,-138
3457,2.5295894,4394,4.5913286,4509,3.8328524,-115
3458,2.3705904,4416,4.5018415,4460,3.9750621,-44
3459,8.508638,3735,5.7909846,4485,3.9043224,-750
3460,6.0968556,1987,6.500698,2750,6.107716,-763
3461,5.6989484,1563,6.684521,2983,5.9714437,-1420
3462,5.2218413,4175,5.0764933,3531,5.69341,644
3463,4.301029,4182,5.064615,3158,5.8875456,1024
3464,4.301029,4147,5.127666,3393,5.7755556,754
3465,4.301029,4172,5.0806227,2927,5.999677,1245
3466,4.301029,4209,5.006765,3675,5.603544,534
3467,5.2218413,4140,5.137842,3527,5.69449,613
3468,5.5228643,4173,5.080011,3111,5.90739,1062
3469,4.9586034,4148,5.1270537,3540,5.688731,608
3470,4.301029,4174,5.0771055,3428,5.756956,746
3471,6.829445,1943,6.5130277,718,7.7889833,1225
3472,7.9956784,1436,6.75433,1446,6.9490976,-10
3473,6.899285,3811,5.701206,3101,5.913306,710
3474,8.774691,49,8.920629,155,8.556166,-106
3475,8.866461,86,8.697322,176,8.5333395,-90
3476,9.221126,100,8.674052,182,8.525417,-82
3477,9.454693,37,8.9740715,317,8.338482,-280
3478,9.048662,34,9.002068,309,8.3593645,-275
3479,8.774691,70,8.785669,122,8.606473,-52
3480,8.774691,66,8.793136,120,8.610565,-54
3481,9.69897,98,8.676363,423,8.181528,-325
3482,8.774691,59,8.838009,267,8.410144,-208
3483,8.291579,67,8.793128,121,8.607237,-54
3484,9.221126,58,8.839935,305,8.362172,-247
3485,9.136083,50,8.911152,382,8.232608,-332
3486,8.866461,23,9.116942,201,8.499127,-178
3487,8.58336,36,8.990345,105,8.637458,-69
3488,9.58838,83,8.698964,405,8.206704,-322
3489,9.048662,75,8.758031,284,8.38676,-209
3490,8.677781,32,9.020958,208,8.48752,-176
3491,9.221126,93,8.689032,223,8.464215,-130
3492,8.677781,91,8.69644,237,8.451067,-146
3493,8.677781,51,8.903826,300,8.373486,-249
3494,8.677781,65,8.803434,104,8.641125,-39
3495,8.486782,62,8.818973,318,8.33675,-256
3496,8.193142,39,8.969417,145,8.580074,-106
3497,9.380907,20,9.138032,171,8.535215,-151
3498,8.291579,73,8.7776,98,8.663633,-25
3499,8.774691,72,8.778266,251,8.43046,-179
3500,9.854493,140,8.555131,353,8.282799,-213
3501,8.774691,120,8.636422,67,8.721305,53
3502,4.920815,4090,5.22626,4388,4.251618,-298
3503,7.019542,619,7.4992604,359,8.268084,260
3504,8.040958,555,7.573785,796,7.6762304,-241
3505,7.0649967,4109,5.1945972,2207,6.407482,1902
3506,6.920457,4092,5.221319,3633,5.6328154,459
3507,8.744727,2374,6.3657484,2481,6.26377,-107
3508,6.4316807,2639,6.2628565,909,7.5168114,1730
3509,6.7956085,3781,5.742848,864,7.575568,2917
3510,7.0218196,3600,5.894548,1222,7.138086,2378
3511,8.721247,766,7.2774806,319,8.334761,447
3512,6.66334,1521,6.7142425,1314,7.0515304,207
3513,9.048662,82,8.699417,421,8.187535,-339
3514,5.0457525,4066,5.275659,4237,4.751188,-171
3515,8.568636,183,8.440508,225,8.458476,-42
3516,3.649752,4611,3.8097155,4538,3.7249768,73
3517,3.167491,4639,3.6300366,4582,3.4980204,57
3518,3.962573,4599,3.8855503,4581,3.5025032,18
3519,5.4685082,4487,4.313165,4476,3.9245527,11
3520,5.1938133,4545,4.126866,4469,3.9452806,76
3521,4.301029,4456,4.40053,4502,3.85975,-46
3522,3.8386316,4474,4.333243,4353,4.371414,121
3523,4.3205714,4473,4.333243,4352,4.371414,121
3524,4.0512934,4444,4.4622016,4427,4.097588,17
3525,4.236871,4445,4.4622016,4426,4.097588,19
3526,4.2557063,4421,4.4871426,4439,4.0667596,-18
3527,5.184416,4422,4.4871426,4440,4.0667596,-18
3528,6.259558,3925,5.5511994,3935,5.339727,-10
3529,4.7569594,3821,5.686464,3597,5.649627,224
3530,3.0,4610,3.8265948,4396,4.2011576,214
3531,6.4316807,1726,6.605367,1561,6.852936,165
3532,6.7956085,1725,6.605367,1488,6.9237638,237
3533,3.6989698,4558,4.068257,4561,3.5984561,-3
3534,7.1018233,3544,5.91907,3088,5.9204226,456
3535,4.351639,3979,5.461859,4038,5.178379,-59
3536,4.335357,4191,5.0474505,4084,5.0933094,107
3537,6.4813547,1029,7.0085764,1512,6.901924,-483
3538,5.0213585,1030,7.0085764,1511,6.901924,-481
3539,4.724226,1031,7.0085764,1510,6.901924,-479
3540,3.8239086,1348,6.804219,2687,6.1470776,-1339
3541,8.346787,807,7.2393293,724,7.77649,83
3542,8.443698,900,7.1101775,1010,7.3518567,-110
3543,9.057496,220,8.305549,857,7.586425,-637
3544,4.7958775,4040,5.3440094,4151,4.965556,-111
3545,3.9208183,4496,4.278387,4359,4.3429756,137
3546,7.7189665,3167,6.0756445,1878,6.581311,1289
3547,7.283162,3109,6.093223,2894,6.018711,215
3548,7.336299,2618,6.2712812,3345,5.798252,-727
3549,7.279014,3168,6.0756445,1879,6.581311,1289
3550,7.7189665,3113,6.093223,2890,6.018711,223
3551,7.7189665,2619,6.2712812,3344,5.798252,-725
3552,7.336299,3110,6.093223,2895,6.018711,215
3553,7.279014,3114,6.093223,2892,6.018711,222
3554,6.65738,3112,6.093223,2891,6.018711,221
3555,7.266803,3111,6.093223,2893,6.018711,218
3556,4.301029,3997,5.4254026,2974,5.974958,1023
3557,4.301029,4100,5.2089496,4190,4.8608713,-90
3558,5.56862,2564,6.2935576,3645,5.6235113,-1081
3559,6.1937523,2040,6.482216,3647,5.621577,-1607
3560,6.698753,1712,6.60899,3558,5.6779876,-1846
3561,4.810002,3865,5.635957,2980,5.972189,885
3562,5.920059,3364,6.0079675,3541,5.688513,-177
3563,5.929925,3816,5.694847,2906,6.011346,910
3564,6.3694706,3677,5.8365445,3155,5.888425,522
3565,6.4496493,3862,5.642248,3371,5.7846856,491
3566,5.7999434,3866,5.635957,3018,5.95364,848
3567,6.850473,3705,5.8183928,3435,5.75219,270
3568,5.869956,3740,5.787189,3417,5.7620497,323
3569,5.8300023,3593,5.899794,3457,5.7383933,136
3570,7.186419,3549,5.9182568,2949,5.984597,600
3571,5.5800276,3532,5.925664,3208,5.864005,324
3572,5.789922,2802,6.207335,3583,5.6566696,-781
3573,7.6556077,3558,5.913986,3063,5.9323916,495
3574,5.96015,3867,5.635957,3154,5.889392,713
3575,7.0501223,3818,5.691166,3806,5.494604,12
3576,6.390299,3557,5.913986,3187,5.87286,370
3577,5.840102,3963,5.490254,3804,5.501338,159
3578,6.599825,3150,6.0809884,2920,6.0054045,230
3579,7.5086384,3032,6.127595,3049,5.938146,-17
3580,7.099469,2183,6.427105,3451,5.740434,-1268
3581,6.459871,3162,6.0773444,2807,6.068326,355
3582,6.419885,3690,5.8306723,3764,5.550481,-74
3583,6.069948,3149,6.0809884,3043,5.940279,106
3584,6.5298543,3678,5.836064,3281,5.836156,397
3585,7.4587955,2992,6.1416426,3335,5.8007636,-343
3586,4.5899982,3148,6.0809884,2880,6.023642,268
3587,8.017729,2788,6.210058,2828,6.058935,-40
3588,7.6757174,328,7.993785,584,8.006281,-256
3589,9.365522,441,7.735128,580,8.011568,-139
3590,8.79588,445,7.718832,619,7.9299965,-174
3591,6.920457,1399,6.769809,1827,6.6055903,-428
3592,9.376751,6,9.525676,162,8.550927,-156
3593,9.638272,7,9.524616,156,8.5557785,-149
3594,9.627088,9,9.503936,185,8.523504,-176
3595,9.721247,4,9.559836,42,8.787264,-38
3596,9.723538,8,9.524616,157,8.5557785,-149
3597,6.4947143,2655,6.25729,2595,6.2022557,60
3598,6.18702,2744,6.223767,2598,6.2022557,146
3599,5.448538,2745,6.223767,2597,6.2022557,148
3600,6.1366177,2386,6.361134,2840,6.049243,-454
3601,5.2441177,2286,6.393779,3310,5.816734,-1024
3602,6.4558077,2657,6.25729,2589,6.203883,68
3603,6.0808697,2267,6.400314,2596,6.2022557,-329
3604,6.8236194,2656,6.25729,2459,6.278643,197
3605,4.665544,902,7.1087914,1053,7.303441,-151
3606,4.5575185,901,7.1087914,1054,7.303441,-153
3607,4.9665723,4161,5.0982604,2012,6.5060205,2149
3608,6.3009434,1564,6.6830053,1874,6.582793,-310
3609,4.585025,3842,5.6627297,3896,5.388731,-54
3610,6.6734595,1820,6.57227,1640,6.772873,180
3611,8.69897,193,8.409703,578,8.017844,-385
3612,7.2749057,1902,6.533258,1020,7.3399096,882
3613,7.8827286,1893,6.536396,1534,6.878071,359
3614,4.4647045,4320,4.7598314,3682,5.5997047,638
3615,3.5421178,4543,4.128753,4127,5.023675,416
3616,4.6020584,4334,4.7292004,4436,4.0733404,-102
3617,3.5421178,4557,4.069763,4473,3.9322374,84
3618,4.115771,4484,4.317019,4384,4.2570705,100
3619,9.30103,149,8.513718,115,8.620078,34
3620,6.812197,847,7.185993,563,8.058877,284
3621,9.2218485,399,7.808164,371,8.248932,28
3622,8.744727,273,8.158923,119,8.61338,154
3623,9.568636,35,8.992826,147,8.576295,-112
3624,3.4236586,4614,3.7926693,4295,4.5654583,319
3625,3.399027,4615,3.7926693,4296,4.5654583,319
3626,3.7438836,4158,5.101013,4318,4.485857,-160
3627,7.9956784,460,7.6944723,1040,7.320594,-580
3628,8.443698,824,7.2229295,965,7.421274,-141
3629,6.38711,2972,6.1478863,2009,6.5083475,963
3630,8.79588,575,7.566391,1198,7.1513247,-623
3631,5.18708,1307,6.8308773,1718,6.71169,-411
3632,7.258848,1258,6.8594627,2230,6.390342,-972
3633,7.954677,823,7.2229295,960,7.421274,-137
3634,7.954677,1284,6.8374815,1932,6.554263,-648
3635,8.236572,822,7.2229295,962,7.421274,-140
3636,8.180456,821,7.2229295,964,7.421274,-143
3637,6.4683933,1161,6.9129815,970,7.4191985,191
3638,7.567031,846,7.1888523,2049,6.486041,-1203
3639,6.2756424,1164,6.9129815,969,7.4191985,195
3640,6.3664308,1163,6.9129815,968,7.4191985,195
3641,8.161151,825,7.2229295,959,7.421274,-134
3642,8.638272,875,7.159283,1440,6.9531946,-565
3643,6.38711,819,7.2229295,966,7.421274,-147
3644,6.3097153,2932,6.160092,2708,6.133962,224
3645,7.1420646,1288,6.8362865,1940,6.5500345,-652
3646,6.2517343,1293,6.8362865,1941,6.5500345,-648
3647,6.408824,1162,6.9129815,973,7.4191985,189
3648,6.6380835,2465,6.334934,1721,6.7112885,744
3649,6.2517343,2685,6.2458158,2289,6.3488383,396
3650,9.327902,573,7.566391,1194,7.1513247,-621
3651,7.1732774,2132,6.4456315,1624,6.7903433,508
3652,6.958213,1591,6.673717,2849,6.0416937,-1258
3653,8.585027,820,7.2229295,963,7.421274,-143
3654,6.619608,2982,6.144523,2115,6.457151,867
3655,7.493495,3427,5.981252,2277,6.361477,1150
3656,5.9585676,2611,6.273194,3106,5.910675,-495
3657,6.075669,3571,5.908946,2548,6.2279277,1023
3658,8.376751,873,7.159283,1441,6.9531946,-568
3659,6.65738,1158,6.9129815,972,7.4191985,186
3660,8.036212,1407,6.7655253,1336,7.030395,71
3661,6.1738605,1167,6.9129815,974,7.4191985,193
3662,7.2139587,1292,6.8362865,1942,6.5500345,-650
3663,6.920457,1899,6.53462,2702,6.1385202,-803
3664,6.721018,1294,6.8362865,1944,6.5500345,-650
3665,5.6020427,2415,6.3494344,2247,6.3807993,168
3666,6.7692957,1159,6.9129815,975,7.4191985,184
3667,6.920457,2086,6.4641232,1684,6.7404714,402
3668,6.4683933,1289,6.8362865,1945,6.5500345,-656
3669,7.1732774,2574,6.2880125,1433,6.9593134,1141
3670,5.9585676,1287,6.8362865,1946,6.5500345,-659
3671,8.346787,571,7.566391,1197,7.1513247,-626
3672,9.124939,570,7.566391,1196,7.1513247,-626
3673,6.119129,2464,6.334934,1720,6.7112885,744
3674,6.522734,1290,6.8362865,1939,6.5500345,-649
3675,5.9585676,1409,6.764819,1437,6.956498,-28
3676,5.7447033,1166,6.9129815,976,7.4191985,190
3677,6.508498,2127,6.448162,2004,6.5127554,123
3678,6.32781,2849,6.1878576,1617,6.803726,1232
3679,6.721018,2588,6.280753,2010,6.506775,578
3680,9.19382,576,7.566391,1199,7.1513247,-623
3681,6.2005906,1160,6.9129815,977,7.4191985,183
3682,8.468521,3192,6.062773,2103,6.4660435,1089
3683,6.346691,1291,6.8362865,1948,6.5500345,-657
3684,7.6757174,2348,6.372767,2025,6.5008783,323
3685,9.091515,572,7.566391,1195,7.1513247,-623
3686,6.58486,1286,6.8362865,1947,6.5500345,-661
3687,6.6018863,1295,6.8362865,1943,6.5500345,-648
3688,5.58501,3710,5.814009,2221,6.39883,1489
3689,5.4436855,2496,6.320747,2663,6.165906,-167
3690,5.5228643,2302,6.390157,2671,6.1626616,-369
3691,6.443577,1922,6.5216804,1999,6.5160847,-77
3692,5.7212234,3096,6.1000385,1472,6.932549,1624
3693,5.0362077,3863,5.6411915,2300,6.3427386,1563
3694,7.0264106,2603,6.2768188,2058,6.480283,545
3695,7.4672456,2049,6.4789166,2270,6.365279,-221
3696,6.3564487,3185,6.064812,2387,6.3046303,798
3697,5.0268674,3265,6.045599,2690,6.1452703,575
3698,6.7692957,3775,5.744447,2229,6.3905053,1546
3699,6.3097153,3662,5.847055,2448,6.284243,1214
3700,6.8857226,3106,6.0958447,2926,6.001151,180
3701,7.636388,2758,6.220605,2636,6.1791615,122
3702,7.8827286,3036,6.127074,2580,6.2088532,456
3703,5.3372326,2430,6.346557,1380,6.9951487,1050
3704,8.366531,2709,6.2384124,2037,6.4911346,672
3705,7.206908,3258,6.0487623,3017,5.95453,241
3706,6.3978314,3183,6.065836,2245,6.381465,938
3707,8.19382,2733,6.2297993,2694,6.1434646,39
3708,5.397929,3580,5.9038167,2495,6.2540197,1085
3709,7.7189665,974,7.04136,1956,6.5476217,-982
3710,7.480172,2705,6.239739,2271,6.365264,434
3711,7.12436,2431,6.346526,2043,6.4877863,388
3712,5.886023,3259,6.047977,2684,6.1514554,575
3713,7.107349,2447,6.3403883,2757,6.0986037,-310
3714,6.6380835,3460,5.9647675,2007,6.509926,1453
3715,6.853562,3371,6.0066752,2112,6.459093,1259
3716,6.1937523,2673,6.251709,2375,6.3100214,298
3717,5.3372326,2133,6.4455805,2160,6.433154,-27
3718,6.055468,2120,6.4497323,1661,6.7576346,459
3719,6.5526867,3065,6.1108475,2278,6.3602633,787
3720,5.6197705,1951,6.510416,2248,6.3800483,-297
3721,6.6380835,2922,6.165147,2558,6.221746,364
3722,6.0131836,2796,6.208055,2164,6.4313793,632
3723,6.677574,3081,6.105035,2496,6.2524643,585
3724,5.2291408,2886,6.1760087,2259,6.37243,627
3725,7.600326,2227,6.4111366,1903,6.5650005,324
3726,5.7212234,2765,6.2184753,2039,6.489909,726
3727,5.7958527,2534,6.3027186,2174,6.428405,360
3728,8.283997,3170,6.0755305,2322,6.3346014,848
3729,9.107905,574,7.566391,1193,7.1513247,-619
3730,8.031517,1650,6.634934,2185,6.4199457,-535
3731,5.9585676,2516,6.3113513,2132,6.4469957,384
3732,6.619608,1560,6.6870956,1654,6.761343,-94
3733,6.420102,2983,6.144523,2116,6.457151,867
3734,6.7956085,3327,6.025577,1418,6.962788,1909
3735,6.853562,2007,6.493472,1327,7.040988,680
3736,6.8236194,1705,6.616376,1515,6.8966713,190
3737,7.407823,2085,6.4641232,1683,6.7404714,402
3738,6.408824,2043,6.481057,1566,6.8407755,477
3739,6.2217765,2676,6.249337,1238,7.118698,1438
3740,6.508498,1651,6.63344,1565,6.843007,86
3741,6.1738605,2725,6.232066,2102,6.4663973,623
3742,5.0969048,2868,6.1811438,2912,6.0085173,-44
3743,6.8236194,3425,5.9839854,2624,6.1837344,801
3744,8.443698,2479,6.3275557,2275,6.362705,204
3745,5.3767405,2706,6.239143,2242,6.384636,464
3746,6.0808697,1398,6.7698336,2364,6.315015,-966
3747,5.508624,3655,5.8544455,2190,6.4163346,1465
3748,6.721018,1165,6.9129815,971,7.4191985,194
3749,6.142607,2228,6.4110656,1133,7.210228,1095
3750,7.50724,1575,6.67962,1144,7.2090645,431
3751,6.443577,1717,6.6076465,1525,6.889642,192
3752,6.8857226,3073,6.1073036,2363,6.3150187,710
3753,7.480172,2148,6.4369016,1742,6.7003803,406
3754,6.6018863,1355,6.797682,1570,6.8378086,-215
3755,7.5214334,2054,6.4773617,1693,6.7307715,361
3756,6.2290745,2692,6.2441034,2339,6.327446,353
3757,8.070581,2311,6.3857093,1400,6.977042,911
3758,7.118615,1606,6.6621895,1430,6.9611473,176
3759,7.454693,2161,6.4325285,1516,6.896038,645
3760,6.3978314,1828,6.569022,1116,7.2363567,712
3761,5.853841,2637,6.2647767,1761,6.67381,876
3762,6.999566,1587,6.6745577,1347,7.021743,240
3763,5.4948363,2207,6.421972,2813,6.06413,-606
3764,5.408924,1761,6.593287,2069,6.4745502,-308
3765,6.443577,2378,6.3635664,1482,6.928114,896
3766,7.154282,1532,6.707327,2036,6.491495,-504
3767,6.045709,1063,6.971419,1582,6.8276606,-519
3768,7.2211256,1665,6.6289,1128,7.213936,537
3769,6.124881,2558,6.294661,2426,6.297418,132
3770,5.3872056,1525,6.7109118,2286,6.352579,-761
3771,8.356547,3099,6.09957,1632,6.7796497,1467
3772,6.2217765,2914,6.166747,2396,6.3012366,518
3773,7.4672456,2693,6.2440224,2817,6.063995,-124
3774,6.214599,1789,6.582408,1490,6.9222183,299
3775,5.853841,2304,6.388998,2323,6.3340616,-19
3776,6.58486,3070,6.108766,2632,6.181481,438
3777,7.954677,3599,5.8969584,2984,5.971182,615
3778,7.396856,1827,6.5692677,1225,7.135831,602
3779,6.207538,2582,6.2828875,1871,6.583275,711
3780,7.5833597,1910,6.5262947,1760,6.6743226,150
3781,6.8236194,3049,6.11908,1906,6.5621996,1143
3782,7.954677,3306,6.034735,1764,6.6713133,1542
3783,8.408936,3538,5.922952,1833,6.6013494,1705
3784,6.58486,3621,5.886039,2565,6.216068,1056
3785,6.7692957,3642,5.8734794,2067,6.4758406,1575
3786,6.58486,3479,5.9570932,2619,6.1863637,860
3787,6.4683933,3038,6.124705,2544,6.229191,494
3788,6.161088,3660,5.8490834,2360,6.3171406,1300
3789,8.468521,977,7.038291,1226,7.134618,-249
3790,6.920457,3807,5.706276,2292,6.347973,1515
3791,6.0314703,3588,5.9016843,3265,5.843214,323
3792,6.2217765,3079,6.105564,2961,5.9809294,118
3793,6.2923446,2846,6.189142,2911,6.00942,-65
3794,7.419075,2326,6.3810596,2482,6.2628756,-156
3795,7.430626,2400,6.3566046,2337,6.328231,63
3796,6.161088,2494,6.321922,2905,6.0114727,-411
3797,6.4947143,3339,6.021346,2599,6.2018986,740
3798,6.999566,3507,5.9435735,2583,6.2084236,924
3799,6.3186684,3665,5.844894,2719,6.122731,946
3800,6.7444863,3474,5.9596367,1642,6.768736,1832
3801,6.060431,2559,6.2942038,2391,6.3040085,168
3802,7.536107,2412,6.350774,1008,7.354292,1404
3803,5.420205,2933,6.160092,2709,6.133962,224
3804,6.698753,2953,6.15297,2443,6.2870064,510
3805,6.2290745,3653,5.8568544,2179,6.4260144,1474
3806,5.7447033,3442,5.974582,2001,6.513542,1441
3807,7.7189665,2985,6.1437755,1801,6.6349955,1184
3808,5.7958527,3709,5.815435,1468,6.936134,2241
3809,6.4813547,1633,6.6450014,1822,6.6081033,-189
3810,5.9585676,3175,6.072147,2142,6.443193,1033
3811,6.853562,2724,6.233651,1355,7.0148964,1369
3812,6.0505614,2986,6.143212,1969,6.5362453,1017
3813,5.9207826,2481,6.327255,2634,6.1806307,-153
3814,7.850781,2694,6.2439275,2209,6.4067163,485
3815,6.32781,3535,5.923744,2541,6.2329745,994
3816,6.7956085,2917,6.1663127,3047,5.938952,-130
3817,7.326979,3080,6.1055484,2370,6.312273,710
3818,5.6989484,1964,6.5048213,2264,6.368184,-300
3819,5.5528264,2740,6.22547,2251,6.37611,489
3820,7.386158,1611,6.6591806,2167,6.4297085,-556
3821,7.3089185,3023,6.1306086,1995,6.517726,1028
3822,6.7692957,3017,6.131721,2321,6.3358316,696
3823,6.086133,2993,6.141641,3421,5.7602572,-428
3824,7.551294,2689,6.244729,1804,6.629462,885
3825,6.1803904,3422,5.9848804,2569,6.212847,853
3826,6.6018863,3483,5.9552293,2479,6.2646503,1004
3827,7.536107,2808,6.2044024,1931,6.554446,877
3828,7.2749057,1280,6.84088,2217,6.4015884,-937
3829,6.4813547,3184,6.065796,2320,6.3361635,864
3830,6.065451,1667,6.627195,1524,6.890091,143
3831,6.346691,2701,6.2403765,2212,6.402984,489
3832,7.442493,845,7.1888523,2048,6.486041,-1203
3833,7.8827286,3508,5.9433346,2234,6.3888483,1274
3834,6.0968556,1479,6.7390814,1904,6.5633087,-425
3835,7.6757174,2698,6.2428813,1817,6.6138496,881
3836,6.1803904,3478,5.9571342,2183,6.423054,1295
3837,5.0268674,2885,6.17658,1786,6.650399,1099
3838,6.721018,3181,6.067033,2362,6.3153796,819
3839,5.9207826,1432,6.756458,2071,6.4739456,-639
3840,6.244049,1701,6.619508,1562,6.8482723,139
3841,6.408824,2771,6.216822,2831,6.0561,-60
3842,6.7692957,2700,6.2420087,1290,7.0719223,1410
3843,7.386158,2413,6.3504086,3095,5.9182415,-682
3844,5.5228643,2580,6.2838154,3159,5.887493,-579
3845,6.420102,3556,5.914829,2225,6.392536,1331
3846,6.522734,3074,6.1072893,2460,6.2769737,614
3847,8.744727,1944,6.5127006,2445,6.2849946,-501
3848,6.4813547,2025,6.487581,2236,6.3882127,-211
3849,7.365523,2039,6.482598,1373,7.0016384,666
3850,6.721018,2909,6.168375,1262,7.101013,1647
3851,7.251037,2573,6.2880125,1432,6.9593134,1141
3852,7.442493,890,7.13231,1967,6.5373936,-1077
3853,8.244125,818,7.2229295,961,7.421274,-143
3854,6.5526867,2466,6.334934,1722,6.7112885,744
3855,6.026826,2958,6.150615,2746,6.1090236,212
3856,5.4685082,2572,6.2881494,2425,6.297529,147
3857,6.508498,2238,6.406645,1310,7.05912,928
3858,5.886023,1519,6.715257,1369,7.006502,150
3859,7.154282,1708,6.611159,1926,6.5584526,-218
3860,6.7692957,1593,6.6713305,1590,6.8190837,3
3861,6.091461,2790,6.2089925,2626,6.183243,164
3862,7.017277,3428,5.9783382,2855,6.0375795,573
3863,7.03105,3019,6.131398,2354,6.320298,665
3864,6.2217765,2562,6.2939677,2131,6.4470057,431
3865,5.853841,2371,6.366116,2147,6.4404297,224
3866,8.142668,3058,6.114553,2571,6.2104144,487
3867,5.31875,1647,6.6373034,2121,6.4529424,-474
3868,5.638253,3276,6.042192,2804,6.070199,472
3869,6.6380835,1653,6.6324487,2226,6.391781,-573
3870,5.7212234,2816,6.1998034,2161,6.4330516,655
3871,6.142607,1656,6.6310854,2107,6.463555,-451
3872,7.8827286,3307,6.0344996,2678,6.1538453,629
3873,5.7958527,3526,5.929131,1892,6.573226,1634
3874,7.1481304,2629,6.26745,2611,6.1924696,18
3875,8.008774,1700,6.620126,1864,6.5876675,-164
3876,7.0856566,1461,6.7415395,1500,6.914834,-39
3877,7.600326,1607,6.6606936,1658,6.7599773,-51
3878,6.7444863,3386,6.00104,1452,6.945979,1934
3879,5.1135035,2293,6.3925643,2758,6.0979824,-465
3880,7.193142,3309,6.0336924,3046,5.939986,263
3881,7.850781,3527,5.9290223,2809,6.065709,718
3882,8.026872,1057,6.980914,1105,7.251384,-48
3883,6.698753,3024,6.129431,2358,6.318526,666
3884,7.7931743,1370,6.786462,1267,7.098386,103
3885,7.166853,2644,6.2603865,1873,6.5830173,771
3886,6.920457,3606,5.8926544,2672,6.161524,934
3887,6.8236194,2839,6.191603,1703,6.722931,1136
3888,6.8857226,948,7.066878,2233,6.3891444,-1285
3889,5.7212234,3100,6.0992575,2900,6.0153728,200
3890,5.4685082,3062,6.1116753,2328,6.3297944,734
3891,6.5684752,2991,6.1417613,2616,6.1880126,375
3892,5.6020427,2894,6.1728454,2276,6.3619776,618
3893,6.508498,3607,5.89211,2186,6.419485,1421
3894,5.9585676,3221,6.0555973,3221,5.859208,0
3895,7.160522,2786,6.2106566,1974,6.531151,812
3896,6.698753,3477,5.957405,2400,6.2995267,1077
3897,6.3371477,1992,6.4983172,2280,6.3581696,-288
3898,5.886023,1352,6.8015285,1465,6.9395475,-113
3899,8.49485,874,7.159283,1439,6.9531946,-565
3900,6.65738,3543,5.9191065,2274,6.363265,1269
3901,6.443577,1127,6.9314313,2128,6.447714,-1001
3902,6.3097153,3372,6.0066695,2173,6.428502,1199
3903,5.31875,2764,6.219272,3142,5.892042,-378
3904,6.4558077,3198,6.0598593,1431,6.9605637,1767
3905,7.1360826,2460,6.336878,1292,7.071236,1168
3906,7.3555613,2404,6.355114,1333,7.0341206,1071
3907,6.920457,2309,6.3869214,2723,6.1193104,-414
3908,7.193142,2713,6.236589,2870,6.0322905,-157
3909,7.1732774,2135,6.44435,2220,6.398901,-85
3910,6.1366177,2682,6.2466073,2753,6.103371,-71
3911,6.0131836,2926,6.1643806,2044,6.487769,882
3912,7.186419,2310,6.386441,1993,6.5186357,317
3913,7.0501223,2036,6.484898,2017,6.5042157,19
3914,6.4683933,2642,6.260775,2590,6.2037535,52
3915,7.7931743,3010,6.1356335,2106,6.4639792,904
3916,6.299911,2355,6.3702564,958,7.4243803,1397
3917,4.8827252,3820,5.68917,3643,5.626095,177
3918,7.454693,1428,6.7574916,459,8.141631,969
3919,6.420102,1429,6.7574916,320,8.334623,1109
3920,6.6693835,1427,6.7574916,332,8.321648,1095
3921,6.5198493,1426,6.7574916,460,8.141631,966
3922,5.7851295,4150,5.118203,3481,5.722006,669
3923,8.853872,1023,7.014063,1180,7.167747,-157
3924,5.13,1787,6.584089,1115,7.239672,672
3925,7.289121,499,7.649126,1002,7.3649883,-503
3926,3.0,4665,3.3501985,4602,3.361224,63
3927,3.0,4646,3.5871363,4598,3.3663983,48
3928,3.0,4657,3.4313653,4607,3.3507874,50
3929,6.906228,2776,6.2141585,3010,5.961301,-234
3930,9.741602,40,8.968123,31,8.839539,9
3931,8.2218485,468,7.6816616,897,7.5347548,-429
3932,9.66354,329,7.9911613,387,8.22415,-58
3933,4.698968,4231,4.9570794,4257,4.703294,-26
3934,8.866461,279,8.140378,498,8.105962,-219
3935,7.2358236,562,7.5734434,746,7.7616224,-184
3936,5.58501,1175,6.906265,1461,6.939979,-286
3937,5.0315123,1174,6.906265,1462,6.939979,-288
3938,6.236497,1015,7.021425,935,7.4774265,80
3939,5.56862,2936,6.159693,2450,6.282897,486
3940,5.4948363,694,7.393493,553,8.068201,141
3941,6.32781,558,7.5734434,747,7.7616224,-189
3942,5.420205,1181,6.906265,1464,6.939979,-283
3943,5.6020427,696,7.393493,548,8.068201,148
3944,5.3665214,697,7.393493,547,8.068201,150
3945,5.638253,1985,6.501549,1366,7.0075555,619
3946,5.7695255,1182,6.906265,1455,6.939979,-273
3947,5.0861807,1179,6.906265,1460,6.939979,-281
3948,7.017277,561,7.5734434,744,7.7616224,-183
3949,6.161088,1017,7.021425,934,7.4774265,83
3950,5.397929,699,7.393493,549,8.068201,150
3951,5.397929,2353,6.370356,2401,6.2992916,-48
3952,5.1023674,2469,6.3331494,1810,6.62451,659
3953,6.113453,1178,6.906265,1463,6.939979,-285
3954,5.0457525,1177,6.906265,1459,6.939979,-282
3955,5.853841,2035,6.485345,1129,7.212618,906
3956,7.1360826,3134,6.0873723,2562,6.219597,572
3957,6.4947143,2527,6.304996,1283,7.0797195,1244
3958,9.130768,3264,6.0461855,1608,6.806077,1656
3959,6.853562,560,7.5734434,750,7.7616224,-190
3960,5.6989484,2153,6.436231,2100,6.4668074,53
3961,6.214599,1724,6.60565,1625,6.7869644,99
3962,5.7447033,3481,5.9568815,1681,6.742816,1800
3963,9.031517,3263,6.0461855,1609,6.806077,1654
3964,6.3009434,2178,6.4283223,2153,6.436627,25
3965,5.4685082,3375,6.0055466,2696,6.141397,679
3966,5.060476,2756,6.2209153,2382,6.306704,374
3967,6.2290745,693,7.393493,550,8.068201,143
3968,5.537587,1173,6.906265,1458,6.939979,-285
3969,6.420102,3164,6.076532,2283,6.356534,881
3970,6.6018863,559,7.5734434,745,7.7616224,-186
3971,5.1426616,698,7.393493,552,8.068201,146
3972,5.3372326,557,7.5734434,749,7.7616224,-192
3973,5.4685082,2977,6.146668,1867,6.586961,1110
3974,5.6989484,3310,6.0335436,1899,6.567552,1411
3975,6.6018863,2017,6.4888444,1716,6.7132554,301
3976,6.3371477,1016,7.021425,933,7.4774275,83
3977,5.1674848,3433,5.9767456,2098,6.467078,1335
3978,5.408924,1176,6.906265,1457,6.939979,-281
3979,5.2291408,2890,6.1746273,2148,6.4403896,742
3980,6.2217765,3721,5.8023524,2676,6.1555505,1045
3981,5.537587,3050,6.118845,2064,6.4779935,986
3982,5.9585676,3321,6.027351,2023,6.5024266,1298
3983,5.7212234,609,7.519904,828,7.6407537,-219
3984,5.7695255,3142,6.0834866,1783,6.6520815,1359
3985,5.9585676,2236,6.407429,1996,6.5175505,240
3986,5.9585676,3362,6.0111427,1891,6.5767517,1471
3987,5.5228643,2175,6.429569,1528,6.885483,647
3988,7.386158,3140,6.0841293,2046,6.4867353,1094
3989,5.3872056,2549,6.2966166,2140,6.443762,409
3990,5.1804495,2888,6.175439,2435,6.2910814,453
3991,5.7958527,2578,6.284371,2986,5.9699874,-408
3992,5.6989484,2411,6.351566,2014,6.5059223,397
3993,6.3097153,2457,6.337411,1805,6.6289396,652
3994,5.67776,3835,5.668028,2699,6.140014,1136
3995,5.4436855,2717,6.2345023,1784,6.651475,933
3996,5.00436,3083,6.1047773,2146,6.4408035,937
3997,5.4948363,2814,6.2015977,1987,6.5220346,827
3998,5.853841,3525,5.9292407,2439,6.2884893,1086
3999,5.9585676,2491,6.3226266,2070,6.4742036,421
4000,6.3664308,2554,6.2959476,2461,6.2764025,93
4001,5.9207826,1180,6.906265,1456,6.939979,-276
4002,5.1611447,1704,6.6178236,1569,6.8382683,135
4003,6.15484,753,7.3037486,827,7.6410255,-74
4004,5.7212234,2387,6.360609,2169,6.4292707,218
4005,5.886023,1614,6.6587687,1396,6.9830637,218
4006,6.4947143,2478,6.327676,2338,6.3278723,140
4007,5.9207826,2551,6.2963543,1809,6.625468,742
4008,5.853841,1790,6.582213,2348,6.3222237,-558
4009,7.1999707,2210,6.41948,1896,6.5707035,314
4010,6.0505614,2605,6.2762074,1410,6.970865,1195
4011,6.537452,2121,6.449628,1888,6.5780506,233
4012,6.0968556,1821,6.571887,860,7.5792847,961
4013,5.9585676,2662,6.256259,1990,6.520464,672
4014,5.6989484,835,7.2068686,588,7.993605,247
4015,5.7212234,2519,6.3102903,2498,6.251996,21
4016,5.537587,2198,6.4236617,2586,6.205706,-388
4017,5.2839885,2288,6.3934445,1834,6.6011705,454
4018,5.080917,2417,6.3489504,2356,6.3196507,61
4019,5.886023,2408,6.353689,1702,6.723009,706
4020,6.0131836,2339,6.3774242,2964,5.9793777,-625
4021,6.15484,2988,6.1427736,2664,6.165474,324
4022,5.4559197,3060,6.113783,2124,6.4504476,936
4023,6.38711,2482,6.3268394,1854,6.592701,628
4024,5.7958527,2747,6.222809,2367,6.3130436,380
4025,5.853841,1512,6.7180023,1882,6.579728,-370
4026,5.8238797,1815,6.5756893,2150,6.4379916,-335
4027,6.4558077,2782,6.211586,1657,6.7606325,1125
4028,6.207538,3257,6.0489507,2030,6.496126,1227
4029,6.3978314,2748,6.222703,1258,7.1045847,1490
4030,6.508498,2523,6.307139,1848,6.597292,675
4031,5.6020427,2209,6.42165,1852,6.593069,357
4032,5.6020427,2801,6.207584,2137,6.444666,664
4033,5.9207826,3051,6.1186843,2506,6.2476163,545
4034,7.365523,2282,6.394958,1894,6.5719967,388
4035,5.420205,3391,5.9975266,2287,6.3523264,1104
4036,5.4436855,2984,6.1441474,1719,6.7115517,1265
4037,7.326979,2271,6.397859,1584,6.823827,687
4038,5.58501,3317,6.030244,1680,6.744155,1637
4039,5.8238797,3383,6.003045,2424,6.2975416,959
4040,5.408924,1756,6.5963106,2536,6.2359385,-780
4041,6.2923446,1014,7.021425,932,7.4774275,82
4042,6.3371477,3329,6.0251966,1921,6.5587416,1408
4043,6.920457,2489,6.322805,2002,6.512874,487
4044,5.2839885,2974,6.1475034,889,7.546954,2085
4045,5.7958527,1690,6.624176,1966,6.5375404,-276
4046,6.958213,1618,6.656392,1692,6.732747,-74
4047,5.7212234,2645,6.260347,2005,6.512582,640
4048,6.8857226,2610,6.274264,1863,6.58818,747
4049,6.065451,3139,6.0855446,2346,6.323663,793
4050,5.2518044,2912,6.1676764,2480,6.2645245,432
4051,7.154282,1904,6.5310903,1316,7.04916,588
4052,6.1366177,2425,6.3475113,2398,6.2996187,27
4053,6.0314703,2142,6.4416637,923,7.4943876,1219
4054,5.886023,2105,6.455482,1212,7.1409054,893
4055,6.522734,2874,6.1798277,2397,6.3001633,477
4056,5.537587,3448,5.9717355,2722,6.1194854,726
4057,6.508498,2571,6.2894745,2614,6.1905107,-43
4058,5.31875,1906,6.53087,2542,6.2325497,-636
4059,6.055468,1905,6.531071,1662,6.755599,243
4060,5.1191807,2674,6.251223,1489,6.92223,1185
4061,5.6020427,3163,6.076532,2282,6.356534,881
4062,5.2839885,2215,6.418047,1370,7.004589,845
4063,6.32781,1698,6.6206036,2294,6.3456697,-596
4064,5.886023,695,7.393493,551,8.068201,144
4065,9.431798,3262,6.0461855,1610,6.806077,1652
4066,5.6197705,2789,6.2091713,2543,6.230762,246
4067,5.58501,2813,6.2021885,2420,6.298503,393
4068,5.1739187,2760,6.2200346,1308,7.0593295,1452
4069,6.004321,3415,5.987614,2260,6.372115,1155
4070,6.8236194,1559,6.6878505,2118,6.4557877,-559
4071,5.7695255,3135,6.087245,2211,6.403754,924
4072,5.8238797,3378,6.0043283,1759,6.675103,1619
4073,6.408824,3697,5.826895,2384,6.3064513,1313
4074,5.58501,3524,5.9296665,2031,6.4957867,1493
4075,5.6197705,3680,5.835489,2028,6.498175,1652
4076,5.4436855,3279,6.0412817,2838,6.0501623,441
4077,6.38711,2935,6.1597776,2551,6.2257376,384
4078,6.5684752,556,7.5734434,748,7.7616224,-192
4079,5.4559197,2329,6.380558,2235,6.388518,94
4080,5.56862,2410,6.3518195,1679,6.7446976,731
4081,6.5526867,2540,6.301615,1663,6.7548757,877
4082,5.207601,2597,6.278573,1756,6.6829395,841
4083,5.7447033,2020,6.487935,2462,6.2756424,-442
4084,7.107349,1431,6.7569494,1589,6.8193865,-158
4085,6.0087295,2398,6.356936,2180,6.4252014,218
4086,6.075669,2525,6.306649,1789,6.6456513,736
4087,6.0409107,2373,6.365762,2032,6.4941874,341
4088,6.32781,2867,6.1815414,2842,6.048267,25
4089,5.67776,3419,5.986052,2163,6.431795,1256
4090,7.193142,2881,6.178111,2191,6.415822,690
4091,6.113453,2711,6.238109,2453,6.2803416,258
4092,6.0176835,3121,6.0907326,1795,6.6437616,1326
4093,5.346778,2696,6.243555,2240,6.386123,456
4094,5.3767405,3405,5.9909296,2457,6.279432,948
4095,6.2923446,2221,6.414293,2060,6.479821,161
4096,7.2139587,3302,6.0368714,2151,6.4375744,1151
4097,5.886023,2774,6.2147684,2187,6.4187365,587
4098,5.853841,1324,6.8195963,2441,6.2878346,-1117
4099,5.275716,1825,6.5695376,2181,6.424183,-356
4100,6.5526867,2882,6.178003,2101,6.4665194,781
4101,7.03105,3141,6.0839963,1798,6.639742,1343
4102,5.060476,3464,5.9636483,2613,6.19161,851
4103,5.7212234,3251,6.0499096,1846,6.600271,1405
4104,6.0409107,2501,6.318458,1962,6.539326,539
4105,6.3766475,2955,6.1520243,2452,6.2810793,503
4106,5.7212234,2607,6.2746935,2162,6.432885,445
4107,5.6989484,3380,6.004084,1880,6.580497,1500
4108,6.1738605,2763,6.2193465,2620,6.1861916,143
4109,6.4947143,2100,6.4573884,1475,6.9315014,625
4110,5.1191807,4073,5.263326,1865,6.5874324,2208
4111,7.365523,959,7.05699,1554,6.862636,-595
4112,8.769551,377,7.8522615,1356,7.0135612,-979
4113,9.327902,41,8.965089,390,8.219223,-349
4114,9.60206,44,8.933151,191,8.513721,-147
4115,9.21467,48,8.925667,383,8.23036,-335
4116,9.387217,42,8.957816,377,8.240519,-335
4117,9.60206,28,9.026826,272,8.397935,-244
4118,9.638272,25,9.095815,698,7.8165154,-673
4119,9.79588,92,8.695695,1700,6.723221,-1608
4120,9.045757,762,7.2869234,1224,7.1359425,-462
4121,8.075721,763,7.2869234,1208,7.1454782,-445
4122,3.4436975,3471,5.9612374,4369,4.31861,-898
4123,3.863279,4216,4.976285,4608,3.3485649,-392
4124,4.6020584,4300,4.811755,4531,3.7525957,-231
4125,7.7931743,765,7.28301,1527,6.886469,-762
4126,7.954677,341,7.946689,758,7.7409606,-417
4127,5.1938133,1264,6.854282,1816,6.614232,-552
4128,6.409883,1207,6.8905616,1080,7.2850447,127
4129,7.2492604,1022,7.01427,723,7.7794094,299
4130,8.291579,1170,6.911698,922,7.4945273,248
4131,6.698753,1768,6.5918283,847,7.607155,921
4132,6.906228,1728,6.6029406,2223,6.395854,-495
4133,6.847406,1796,6.580746,2231,6.39003,-435
4134,6.37976,3451,5.9706025,2850,6.0415363,601
4135,6.581533,3008,6.1360574,2913,6.0081096,95
4136,8.677781,3679,5.835846,3269,5.8423996,410
4137,4.7695484,4560,4.0557637,4380,4.261435,180
4138,5.8238797,1931,6.5185637,1875,6.5824842,56
4139,6.1128893,1932,6.5185637,1876,6.5824842,56
4140,4.744725,1886,6.540441,1442,6.9510555,444
4141,4.3665304,1917,6.5246468,2421,6.2984486,-504
4142,4.7212443,1916,6.5246468,2431,6.295621,-515
4143,5.9207826,1933,6.5185637,2214,6.4019823,-281
4144,5.642046,1918,6.5246468,2430,6.295621,-512
4145,5.207601,1879,6.5433,1800,6.6364923,79
4146,4.3979387,1934,6.5185637,2215,6.4019823,-281
4147,4.5686345,1826,6.569342,2434,6.2926445,-608
4148,5.5171123,1915,6.5246468,2422,6.2984486,-507
4149,4.3767495,1837,6.565734,1041,7.319497,796
4150,6.781202,1172,6.90901,755,7.742781,417
4151,7.8965383,864,7.1705556,362,8.262245,502
4152,4.469999,3843,5.6625495,878,7.5589466,2965
4153,7.50724,1231,6.8841014,3545,5.6882343,-2314
4154,4.698968,4239,4.929556,4230,4.775544,9
4155,4.8446608,4199,5.036637,4252,4.7130957,-53
4156,4.73518,4332,4.732016,4202,4.8373756,130
4157,4.772111,4198,5.036637,4253,4.7130957,-55
4158,4.6516933,4333,4.732016,4201,4.8373756,132
4159,7.130182,865,7.169255,1112,7.2430477,-247
4160,7.386158,928,7.0951366,1048,7.31291,-120
4161,8.677781,3625,5.882172,3286,5.8323383,339
4162,7.107349,1045,6.9957514,1162,7.193108,-117
4163,6.7493362,1052,6.9872627,1153,7.1998186,-101
4164,7.2284126,882,7.1435537,1170,7.183371,-288
4165,7.407823,793,7.253277,998,7.3720846,-205
4166,7.1732774,789,7.256637,1167,7.186886,-378
4167,7.454693,813,7.2299514,988,7.396138,-175
4168,7.9172144,788,7.256637,1074,7.2896214,-286
4169,7.336299,811,7.233555,1146,7.2063823,-335
4170,7.1481304,879,7.1521387,1132,7.2108755,-253
4171,5.4800277,3968,5.4768467,4188,4.862057,-220
4172,8.677781,134,8.591797,604,7.954809,-470
4173,7.326979,611,7.5157,1517,6.89511,-906
4174,5.1100206,4310,4.7829223,4278,4.64093,32
4175,4.5199914,4344,4.7007823,4368,4.318631,-24
4176,3.2218487,4602,3.8666525,4589,3.4322584,13
4177,8.104577,448,7.7090373,1282,7.0803757,-834
4178,7.209293,455,7.7064266,1280,7.0855384,-825
4179,5.5501976,2255,6.400673,3713,5.5819597,-1458
4180,4.64975,4379,4.6296945,3620,5.6392546,759
4181,4.387215,4479,4.3279023,4150,4.9719434,329
4182,3.7212462,4476,4.330187,4051,5.148121,425
4183,2.60206,4682,3.0485132,4571,3.5526812,111
4184,7.442493,1990,6.4987817,836,7.6193814,1154
4185,6.77963,1991,6.4987817,835,7.6193814,1156
4186,4.4948487,4190,5.050506,3089,5.919989,1101
4187,7.6556077,2883,6.1776156,2095,6.468951,788
4188,7.3555613,3290,6.0380335,3654,5.617038,-364
4189,7.8827286,3955,5.511434,3618,5.6411924,337
4190,7.3089185,4114,5.178972,4210,4.807108,-96
4191,7.375718,2312,6.385457,1557,6.8599896,755
4192,6.15484,4067,5.2723,4140,5.0007415,-73
4193,7.017277,1234,6.879658,1619,6.7990494,-385
4194,8.505845,398,7.8092575,789,7.6808777,-391
4195,8.330683,397,7.8092575,790,7.6808777,-393
4196,6.9396043,541,7.601738,885,7.5496826,-344
4197,6.419885,657,7.4431634,778,7.701843,-121
4198,8.389339,396,7.8092575,791,7.6808777,-395
4199,7.0095725,542,7.601738,884,7.5496826,-342
4200,5.4699874,3395,5.9956927,1897,6.5690913,1498
4201,9.815309,2737,6.2284217,3587,5.653884,-850
4202,4.3979387,2219,6.4150825,3395,5.7746844,-1176
4203,4.3979387,3516,5.93666,3058,5.934015,458
4204,4.3979387,3858,5.6511188,3672,5.6039343,186
4205,4.3979387,3101,6.098638,3550,5.6843143,-449
4206,4.3979387,3806,5.7103076,3514,5.7006135,292
4207,4.3979387,3583,5.9034514,3023,5.9510984,560
4208,4.3979387,3280,6.0407033,3374,5.7838306,-94
4209,4.6382704,1636,6.642512,3452,5.740408,-1816
4210,4.6382704,3040,6.1246457,3449,5.742402,-409
4211,4.853869,3638,5.876863,3272,5.8401146,366
4212,5.1674848,3028,6.129,3536,5.689833,-508
4213,5.1739187,3174,6.0721593,3176,5.879714,-2
4214,5.2518044,3656,5.8521957,3204,5.8665404,452
4215,6.38711,2677,6.2492437,3622,5.6382303,-945
4216,6.4947143,3095,6.100831,3337,5.8002787,-242
4217,6.508498,3063,6.1114235,3515,5.7001095,-452
4218,6.6380835,2346,6.373715,3471,5.7314615,-1125
4219,6.8236194,2947,6.155105,3569,5.671536,-622
4220,6.958213,3082,6.104979,3333,5.801697,-251
4221,7.059982,3715,5.8082995,3390,5.77598,325
4222,7.0963674,2893,6.172909,3505,5.7072697,-612
4223,7.160522,2322,6.3826647,3195,5.869449,-873
4224,7.386158,2778,6.21314,3475,5.726652,-697
4225,7.7931743,3129,6.0891833,3311,5.8164897,-182
4226,7.9172144,3315,6.030434,3292,5.8278937,23
4227,7.9956784,2490,6.3227816,3336,5.800343,-846
4228,8.79588,3351,6.014946,3363,5.7892737,-12
4229,6.4558077,4102,5.2033033,3891,5.394846,211
4230,7.7423215,422,7.771476,505,8.10251,-83
4231,7.954677,423,7.771476,503,8.10251,-80
4232,7.375718,424,7.771476,506,8.10251,-82
4233,7.767004,426,7.771476,508,8.10251,-82
4234,7.1420646,425,7.771476,510,8.10251,-85
4235,7.442493,420,7.771476,509,8.10251,-89
4236,7.251037,421,7.771476,504,8.10251,-83
4237,6.075669,2632,6.2668934,2916,6.0066156,-284
4238,5.6989484,419,7.771476,507,8.10251,-88
4239,6.58486,1940,6.514479,3895,5.390379,-1955
4240,7.365523,1924,6.520279,1573,6.8347898,351
4241,7.8996296,887,7.1364207,905,7.523838,-18
4242,8.537602,832,7.215041,1612,6.805431,-780
4243,6.8323874,1386,6.776983,1165,7.191145,221
4244,5.7695255,2154,6.4350677,2623,6.1838274,-469
4245,6.920457,2812,6.202989,3994,5.260223,-1182
4246,7.536107,2305,6.388811,3928,5.3494134,-1623
4247,7.186419,2337,6.37794,3729,5.5733933,-1392
4248,6.920457,2956,6.151279,4030,5.195695,-1074
4249,6.6018863,2453,6.3382173,3990,5.26882,-1537
4250,5.0969048,4137,5.1456556,4387,4.2522163,-250
4251,5.267598,4104,5.202154,4360,4.342543,-256
4252,5.4685082,4127,5.159503,4267,4.680655,-140
4253,5.301021,4160,5.09848,4349,4.3752275,-189
4254,5.327893,4116,5.174137,4374,4.2794285,-258
4255,4.0915146,4508,4.257456,4506,3.8476996,2
4256,4.2365713,4477,4.328542,4449,4.032388,28
4257,4.180455,4465,4.356982,4246,4.741132,219
4258,4.2365713,4527,4.203318,4458,3.9847748,69
4259,4.045757,4485,4.316974,4480,3.9136915,5
4260,6.0409107,3767,5.757539,4119,5.0309477,-352
4261,5.9585676,3769,5.755731,4046,5.167268,-277
4262,6.1307096,3723,5.8001666,3483,5.7194886,240
4263,5.67776,3787,5.7367883,4147,4.9834385,-360
4264,5.638253,3853,5.6590776,4113,5.055772,-260
4265,6.0559616,229,8.280616,1665,6.7533693,-1436
4266,8.721247,379,7.8464746,2485,6.2610636,-2106
4267,6.0968556,1854,6.5635686,3817,5.4874415,-1963
4268,5.6989484,2333,6.3790603,3861,5.4379435,-1528
4269,7.8667808,370,7.8817496,1005,7.3613853,-635
4270,9.075721,244,8.25587,953,7.4408092,-709
4271,4.130944,2773,6.2154913,2486,6.260913,287
4272,7.2211256,826,7.2226176,954,7.43746,-128
4273,6.0968556,1855,6.5627794,3856,5.4417477,-2001
4274,4.4685197,4281,4.836829,3993,5.260605,288
4275,4.55284,4547,4.119043,4080,5.099762,467
4276,6.425853,2278,6.3957705,2285,6.354747,-7
4277,5.6020427,3320,6.0273957,2989,5.96706,331
4278,3.2395775,4674,3.1542645,4596,3.380803,78
4279,6.7692957,3974,5.4667435,3605,5.648137,369
4280,5.0315123,3916,5.5666475,3641,5.6265917,275
4281,4.9913955,3975,5.4667435,3604,5.648137,371
4282,6.3978314,3973,5.4667435,3603,5.648137,370
4283,5.853841,3972,5.4667435,3602,5.648137,370
4284,4.920815,3902,5.585823,3460,5.7362947,442
4285,5.080917,3771,5.7515106,3499,5.7114973,272
4286,4.6382704,4163,5.097321,4194,4.8555036,-31
4287,7.442493,1803,6.5782704,2858,6.037114,-1055
4288,7.5214334,1582,6.677188,2860,6.037114,-1278
4289,5.853841,3696,5.8287725,2291,6.3479958,1405
4290,5.0409536,3695,5.8287725,2290,6.3479958,1405
4291,8.083546,1130,6.9300365,607,7.9468894,523
4292,8.596879,991,7.0312366,717,7.7905445,274
4293,6.6018863,1896,6.5363574,2545,6.2288313,-649
4294,8.737549,710,7.360529,713,7.7982697,-3
4295,8.481486,1275,6.8464155,528,8.082077,747
4296,9.522879,768,7.274249,705,7.807396,63
4297,8.431798,204,8.340775,41,8.7876425,163
4298,5.0457525,4346,4.6976476,4315,4.5066996,31
4299,4.558775,2699,6.2426386,3779,5.5276575,-1080
4300,7.2211256,878,7.154107,1971,6.5353193,-1093
4301,6.469672,3800,5.7250257,4263,4.6871595,-463
4302,6.0236044,3799,5.7250257,4264,4.6871595,-465
4303,9.725842,317,8.035732,90,8.675295,227
4304,6.153972,3269,6.0441318,2996,5.963501,273
4305,5.5228643,1809,6.5777993,1341,7.028246,468
4306,8.148742,1506,6.7244477,1643,6.7680197,-137
4307,8.387217,2703,6.2401843,1103,7.252313,1600
4308,5.853841,360,7.8994265,3303,5.821219,-2943
4309,7.442493,951,7.064163,3524,5.6962786,-2573
4310,5.832653,628,7.4825873,1644,6.7675915,-1016
4311,5.2518044,1359,6.794361,1051,7.3049355,308
4312,4.522877,1344,6.806607,738,7.7701826,606
4313,4.7600975,2005,6.495114,1502,6.910406,503
4314,5.517541,1342,6.808993,1434,6.9590516,-92
4315,4.522877,1055,6.982496,939,7.468663,116
4316,8.070581,2704,6.2401843,1102,7.252313,1602
4317,5.417471,393,7.817159,2511,6.2434382,-2118
4318,8.346787,2082,6.4655843,1296,7.067445,786
4319,5.86611,361,7.8994265,3304,5.821219,-2943
4320,3.0,1335,6.813548,787,7.68222,548
4321,3.0,2090,6.461905,1576,6.831306,514
4322,8.508638,2753,6.221883,1184,7.1633186,1569
4323,5.1938133,2004,6.495114,1503,6.910405,501
4324,6.420102,416,7.777533,2091,6.4709578,-1675
4325,5.2518044,627,7.4830985,1246,7.1107993,-619
4326,8.677781,1169,6.912066,2096,6.467632,-927
4327,5.420205,392,7.817159,2510,6.2434387,-2118
4328,8.508638,2825,6.196993,1398,6.9812317,1427
4329,6.004321,500,7.6488857,1535,6.8773465,-1035
4330,7.7931743,935,7.08557,1303,7.061408,-368
4331,5.6344934,3435,5.975933,2689,6.146265,746
4332,7.696804,371,7.8788824,1299,7.0656805,-928
4333,9.060481,406,7.7830653,1371,7.0023775,-965
4334,3.30103,4183,5.063424,4513,3.8193696,-330
4335,9.048662,123,8.630015,793,7.6770964,-670
4336,8.774691,116,8.650289,820,7.6494017,-704
4337,8.866461,101,8.672072,404,8.2067175,-303
4338,9.136083,125,8.621024,686,7.8321195,-561
4339,8.774691,118,8.640802,393,8.215992,-275
4340,8.866461,127,8.608596,751,7.7567663,-624
4341,9.048662,129,8.60416,785,7.6865964,-656
4342,9.136083,99,8.674559,407,8.200847,-308
4343,9.136083,117,8.640802,399,8.210211,-282
4344,6.113453,2320,6.383233,3610,5.6429653,-1290
4345,6.2517343,1415,6.762956,3147,5.8896422,-1732
4346,5.3372326,1623,6.65067,3743,5.5679917,-2120
4347,7.2358236,2263,6.4004927,3007,5.9622183,-744
4348,5.017724,1418,6.762956,3149,5.8896422,-1731
4349,5.7212234,1412,6.762956,3148,5.8896422,-1736
4350,6.3564487,3297,6.0371504,1738,6.7016134,1559
4351,6.8236194,3295,6.0371504,1736,6.7016134,1559
4352,6.619608,2265,6.4004927,3003,5.9622183,-738
4353,7.3089185,2257,6.4004927,3002,5.9622183,-745
4354,6.8236194,2256,6.4004927,3000,5.9622183,-744
4355,6.721018,3293,6.0371504,1735,6.7016134,1558
4356,5.7695255,2900,6.1714697,3706,5.5848913,-806
4357,6.7444863,3298,6.0371504,1733,6.7016134,1565
4358,5.4317865,3085,6.1044173,2783,6.0881076,302
4359,6.2005906,1416,6.762956,3151,5.8896422,-1735
4360,5.6197705,1622,6.65067,3738,5.567992,-2116
4361,6.58486,922,7.1004806,2575,6.2090483,-1653
4362,5.136671,3066,6.110277,3386,5.778734,-320
4363,6.7444863,3520,5.9319882,2662,6.166288,858
4364,5.7958527,920,7.1004806,2576,6.2090483,-1656
4365,5.5228643,1627,6.65067,3742,5.567992,-2115
4366,6.677574,2347,6.373499,3725,5.576994,-1378
4367,6.853562,3299,6.0371504,1739,6.7016134,1560
4368,7.850781,3559,5.913848,3260,5.8443108,299
4369,6.6380835,3300,6.0371504,1737,6.7016134,1563
4370,6.4813547,2247,6.402985,3487,5.715993,-1240
4371,7.12436,2266,6.4004927,3008,5.9622183,-742
4372,7.0127807,3104,6.0966206,3424,5.7575984,-320
4373,8.309804,1547,6.6962223,3384,5.7804213,-1837
4374,5.8238797,1414,6.762956,3150,5.8896422,-1736
4375,6.5526867,3494,5.9485397,3196,5.8692255,298
4376,6.0131836,1625,6.65067,3736,5.567992,-2111
4377,5.67776,3793,5.7302217,2985,5.9700837,808
4378,6.522734,921,7.1004806,2574,6.2090483,-1653
4379,6.055468,2858,6.184752,2484,6.2622557,374
4380,5.67776,3151,6.08095,3414,5.765436,-263
4381,6.091461,2604,6.2763624,2885,6.0203514,-281
4382,5.4559197,924,7.1004806,2573,6.2090483,-1649
4383,6.65738,1621,6.65067,3737,5.567992,-2116
4384,5.9207826,2260,6.4004927,2999,5.9622183,-739
4385,6.853562,2877,6.1788354,3266,5.8430824,-389
4386,6.055468,2896,6.172186,3352,5.794338,-456
4387,6.920457,2264,6.4004927,3001,5.9622183,-737
4388,5.136671,3146,6.0820518,3461,5.735223,-315
4389,5.420205,3098,6.0997005,3349,5.7958603,-251
4390,6.619608,2193,6.4255686,3372,5.783993,-1179
4391,6.443577,3294,6.0371504,1732,6.7016134,1562
4392,7.160522,2259,6.4004927,3009,5.9622183,-750
4393,6.4558077,1548,6.6962223,3382,5.7804213,-1834
4394,8.387217,1549,6.6962223,3381,5.7804213,-1832
4395,5.7958527,3399,5.9937773,2877,6.027049,522
4396,7.251037,2261,6.4004927,3005,5.9622183,-744
4397,5.7695255,919,7.1004806,2578,6.2090483,-1659
4398,6.443577,925,7.1004806,2579,6.2090483,-1654
4399,5.853841,1629,6.65067,3735,5.567992,-2106
4400,6.113453,1626,6.65067,3741,5.567992,-2115
4401,7.0039263,2567,6.2923403,3765,5.547298,-1198
4402,5.2518044,3579,5.9040465,3526,5.695191,53
4403,5.408924,1624,6.65067,3740,5.567992,-2116
4404,6.698753,3296,6.0371504,1734,6.7016134,1562
4405,7.2211256,2262,6.4004927,3006,5.9622183,-744
4406,5.9207826,1413,6.762956,3152,5.8896422,-1739
4407,5.67776,1949,6.5113206,3280,5.836582,-1331
4408,5.00436,3387,6.000741,3207,5.864646,180
4409,8.387217,1730,6.6017833,3679,5.601052,-1949
4410,8.113509,3331,6.0241065,3426,5.757426,-95
4411,6.161088,3711,5.8135962,3409,5.768388,302
4412,5.1739187,2976,6.147337,3319,5.8114347,-343
4413,8.6575775,1755,6.596542,3478,5.7241964,-1723
4414,7.0501223,3248,6.0507703,3244,5.8510756,4
4415,5.5228643,3760,5.766663,2973,5.975079,787
4416,7.386158,3622,5.885501,3284,5.83305,338
4417,5.4317865,1723,6.6061125,2997,5.9631314,-1274
4418,7.7423215,2906,6.1688266,3467,5.732581,-561
4419,5.9207826,2721,6.2342668,3542,5.688263,-821
4420,6.619608,2865,6.181991,3113,5.9063215,-248
4421,6.1738605,3115,6.0924406,3298,5.823389,-183
4422,5.2596292,3061,6.111931,3437,5.747575,-376
4423,6.443577,3616,5.8887167,3342,5.7986436,274
4424,7.50724,2530,6.3037505,2886,6.0202727,-356
4425,5.9207826,3996,5.426037,3312,5.8162417,684
4426,6.026826,3859,5.6461043,3432,5.7532287,427
4427,6.1307096,1762,6.5930758,2473,6.2673283,-711
4428,6.920457,2216,6.417888,3759,5.5553875,-1543
4429,5.9207826,1776,6.588177,3012,5.9577804,-1236
4430,6.244049,2570,6.2917223,3181,5.877605,-611
4431,6.721018,3118,6.091651,3476,5.7250214,-358
4432,6.522734,3086,6.1044173,2784,6.0881076,302
4433,5.9207826,2012,6.491625,3078,5.9242487,-1066
4434,6.2517343,3204,6.057652,3254,5.846592,-50
4435,6.1937523,2876,6.179138,3327,5.804253,-451
4436,5.4948363,3676,5.8372974,3442,5.7446065,234
4437,7.107349,1028,7.0088863,3141,5.8924236,-2113
4438,6.65738,927,7.095347,1281,7.082743,-354
4439,5.8238797,2315,6.384534,3233,5.856625,-918
4440,7.375718,3717,5.8034782,3084,5.922909,633
4441,6.026826,3203,6.0577435,2839,6.049781,364
4442,5.4317865,3754,5.775115,3441,5.744629,313
4443,7.2915792,3097,6.099769,3321,5.8095922,-224
4444,7.0357404,3765,5.7603726,3506,5.703412,259
4445,5.6575575,3576,5.906304,3144,5.8913536,432
4446,6.0314703,3570,5.909418,3070,5.928517,500
4447,5.9207826,1824,6.5697007,3490,5.7149296,-1666
4448,6.091461,3368,6.007223,3389,5.7780576,-21
4449,5.31875,3761,5.765072,3308,5.8191805,453
4450,6.6018863,2495,6.3207607,3427,5.7569757,-932
4451,6.2005906,3587,5.901977,3025,5.948765,562
4452,6.4813547,2295,6.391602,3161,5.8866024,-866
4453,5.4685082,3495,5.9485397,3197,5.8692255,298
4454,7.2284126,3766,5.75762,3180,5.8776336,586
4455,5.7958527,3523,5.930005,3066,5.9301443,457
4456,7.1129456,2878,6.1787624,3071,5.9273033,-193
4457,7.375718,3647,5.8646216,3358,5.791896,289
4458,5.9207826,2532,6.3031116,3251,5.8474474,-719
4459,5.6020427,3701,5.822102,3388,5.778343,313
4460,5.853841,1417,6.762956,3153,5.8896422,-1736
4461,5.4948363,3105,6.096549,3366,5.787912,-261
4462,7.2358236,3218,6.0565724,3361,5.791099,-143
4463,5.9585676,1786,6.584853,3808,5.4932632,-2022
4464,7.193142,1962,6.505364,3256,5.845833,-1294
4465,5.7958527,2859,6.184752,2483,6.2622557,376
4466,5.6989484,3488,5.9516454,3730,5.5724764,-242
4467,5.58501,3757,5.7698264,2902,6.0143957,855
4468,6.207538,2062,6.4723773,3798,5.5088296,-1736
4469,6.0087295,2448,6.34014,3792,5.511854,-1344
4470,5.7212234,2081,6.4659047,3799,5.5078073,-1718
4471,5.0457525,1306,6.8312936,3659,5.6117296,-2353
4472,6.8236194,1309,6.830164,2706,6.136424,-1397
4473,6.999566,3340,6.020561,3225,5.858098,115
4474,6.698753,3260,6.0471005,3410,5.767174,-150
4475,5.8238797,3434,5.976492,3385,5.7789984,49
4476,8.508638,4156,5.104095,3593,5.651666,563
4477,7.954677,3635,5.879319,2861,6.03695,774
4478,7.50724,2754,6.221547,2608,6.1930156,146
4479,6.4558077,2258,6.4004927,3004,5.9622183,-746
4480,5.9207826,3090,6.102412,3100,5.914796,-10
4481,5.481473,1126,6.932419,3290,5.8292184,-2164
4482,6.0409107,1758,6.595899,2937,5.9927397,-1179
4483,5.327893,2087,6.4632,3619,5.6397815,-1532
4484,5.397929,2757,6.2208323,3257,5.8457603,-500
4485,5.214663,2222,6.413978,2120,6.45301,102
4486,8.522879,3178,6.0718284,3720,5.5795975,-542
4487,5.4948363,2671,6.252366,2966,5.978831,-295
4488,5.0654964,3145,6.0820518,3462,5.735223,-317
4489,6.1803904,2319,6.383233,3611,5.6429653,-1292
4490,7.0649967,1792,6.581811,3287,5.8304086,-1495
4491,6.537452,923,7.1004806,2577,6.2090483,-1654
4492,6.119129,3504,5.944243,3338,5.8000026,166
4493,5.6575575,2981,6.144616,3626,5.6361094,-645
4494,5.5228643,2613,6.2726116,3202,5.8666587,-589
4495,5.537587,2716,6.235295,3472,5.728881,-756
4496,5.537587,2625,6.2694163,3771,5.541126,-1146
4497,5.0654964,3590,5.900968,3689,5.5953007,-99
4498,6.4683933,1550,6.6962223,3383,5.7804213,-1833
4499,6.537452,2897,6.172163,3450,5.7419624,-553
4500,6.0968556,1858,6.559281,2924,6.002549,-1066
4501,6.8857226,3349,6.0165825,3021,5.9524584,328
4502,5.408924,3704,5.8200912,3114,5.9062214,590
4503,6.4558077,3423,5.984312,3104,5.911442,319
4504,5.9585676,3092,6.102065,3484,5.7184963,-392
4505,6.677574,2507,6.31475,3042,5.941494,-535
4506,6.244049,2599,6.277912,3398,5.7735767,-799
4507,6.1078496,2720,6.2342896,2464,6.2713885,256
4508,5.4559197,3551,5.916928,3326,5.8050785,225
4509,8.283997,2690,6.2445993,2865,6.0354986,-175
4510,6.677574,3753,5.776389,3315,5.8132057,438
4511,5.346778,2919,6.166246,3351,5.795657,-432
4512,5.4436855,2920,6.1660256,3278,5.8377795,-358
4513,5.537587,3197,6.060008,3239,5.8524733,-42
4514,6.086133,3646,5.86666,3165,5.883053,481
4515,5.537587,3773,5.749526,3649,5.620804,124
4516,6.3009434,3161,6.07786,3369,5.7857876,-208
4517,5.638253,2419,6.3480506,2910,6.0099154,-491
4518,5.7447033,2837,6.1926103,3238,5.8527,-401
4519,6.4947143,2596,6.278815,2963,5.979802,-367
4520,5.853841,3469,5.9615903,3282,5.835267,187
4521,5.6575575,3335,6.0224123,3039,5.9440837,296
4522,8.130768,2354,6.3702726,3420,5.761346,-1066
4523,5.6989484,3876,5.619774,3561,5.676606,315
4524,5.7958527,3369,6.0069027,3332,5.802166,37
4525,5.886023,3911,5.577302,3194,5.869662,717
4526,6.522734,3352,6.0147543,3126,5.8979607,226
4527,6.522734,3729,5.7948403,3500,5.7112217,229
4528,6.4947143,2212,6.4191265,3177,5.87935,-965
4529,5.58501,3564,5.911574,3576,5.6680355,-12
4530,5.853841,1619,6.6530375,3513,5.700777,-1894
4531,6.2923446,2856,6.1850986,3447,5.743516,-591
4532,6.1803904,1628,6.65067,3739,5.567992,-2111
4533,6.408824,1863,6.5553007,3813,5.4905825,-1950
4534,6.7956085,2634,6.2659774,2872,6.031069,-238
4535,6.4947143,1610,6.6600146,2778,6.089912,-1168
4536,6.698753,3566,5.9111295,3415,5.765239,151
4537,8.040958,3220,6.056167,2717,6.124072,503
4538,6.65738,3166,6.075716,3586,5.6542387,-420
4539,6.7956085,3417,5.986295,3608,5.644846,-191
4540,5.58501,3746,5.779944,3340,5.799143,406
4541,6.8857226,3365,6.0078616,3107,5.9102817,258
4542,7.1129456,2200,6.4234834,3056,5.934214,-856
4543,5.5528264,1539,6.70397,3405,5.7711377,-1866
4544,6.65738,1314,6.8276777,2560,6.220531,-1246
4545,6.420102,3292,6.0371504,1740,6.7016134,1552
4546,6.920457,1718,6.607129,1618,6.801182,100
4547,6.283913,3452,5.9700103,3325,5.8051186,127
4548,5.58501,3702,5.8206415,3364,5.78881,338
4549,6.522734,2365,6.367244,3183,5.8754234,-818
4550,6.060431,2291,6.392777,3236,5.854667,-945
4551,5.853841,2577,6.285764,3124,5.899101,-547
4552,7.7423215,2921,6.1656256,2787,6.086919,134
4553,5.508624,2045,6.480269,3794,5.5114803,-1749
4554,6.443577,2594,6.2789917,3259,5.8447075,-665
4555,6.537452,2901,6.1714697,3707,5.584891,-806
4556,7.154282,2967,6.149642,3235,5.85496,-268
4557,7.0264106,3685,5.8329515,3425,5.7575045,260
4558,6.214599,3067,6.110277,3387,5.778734,-320
4559,5.397929,3658,5.85019,2934,5.996421,724
4560,5.309795,2173,6.4300513,3182,5.87586,-1009
4561,7.075204,3069,6.1094737,3086,5.9219384,-17
4562,6.7692957,3254,6.0493083,3445,5.7445197,-191
4563,6.5684752,3531,5.925772,3038,5.945238,493
4564,6.283913,3169,6.0756073,2995,5.963602,174
4565,6.408824,3664,5.8449035,3198,5.8678317,466
4566,6.3186684,2098,6.458104,3079,5.9237986,-981
4567,6.3097153,3539,5.9228296,2946,5.9865675,593
4568,5.4317865,3728,5.79557,3530,5.6940756,198
4569,6.0808697,3743,5.780559,2710,6.1307306,1033
4570,6.2517343,2351,6.3718357,3819,5.484393,-1468
4571,5.207601,3418,5.986259,3205,5.8654585,213
4572,6.086133,2627,6.268148,3209,5.863159,-582
4573,5.2218413,3011,6.1355643,2967,5.977379,44
4574,5.0409536,3459,5.9649553,3057,5.9341965,402
4575,5.853841,3699,5.8261566,3463,5.7346544,236
4576,5.9585676,3742,5.7816367,3291,5.828082,451
4577,5.4948363,3739,5.788038,3170,5.8821692,569
4578,6.283913,3000,6.1391716,2811,6.0652127,189
4579,5.8238797,3392,5.9963593,3496,5.712469,-104
4580,6.6018863,1487,6.7355266,3638,5.6289463,-2151
4581,5.017724,2871,6.1804595,3028,5.947805,-157
4582,5.3665214,3242,6.0523005,3301,5.8212585,-59
4583,8.823909,219,8.3067255,1951,6.5482225,-1732
4584,8.124939,355,7.906613,1397,6.9826016,-1042
4585,6.8796563,1372,6.7864165,1504,6.91022,-132
4586,6.8236194,1149,6.917966,2557,6.2223606,-1408
4587,7.336299,563,7.5727186,2438,6.288847,-1875
4588,5.729976,1938,6.5152445,802,7.6697474,1136
4589,8.486782,261,8.200586,379,8.238625,-118
4590,8.486782,215,8.315021,406,8.201971,-191
4591,6.3009434,2111,6.454064,1628,6.782922,483
4592,9.69897,1810,6.576919,2440,6.288396,-630
4593,9.79588,1864,6.554696,1820,6.6085386,44
4594,9.455932,1811,6.576919,2252,6.3761044,-441
4595,4.102372,4260,4.873877,4556,3.6310797,-296
4596,5.214663,4466,4.35653,4070,5.109954,396
4597,5.3372326,4480,4.326337,4071,5.109954,409
4598,5.3767405,4470,4.3432546,4072,5.109954,398
4599,7.2358236,2113,6.4519854,3915,5.3679423,-1802
4600,7.2284126,3059,6.114525,2789,6.0849366,270
4601,6.7692957,4248,4.920935,4042,5.174329,206
4602,6.508498,4385,4.6094413,3902,5.378112,483
4603,3.638272,4537,4.166559,3887,5.3978076,650
4604,3.638272,4526,4.2066293,3948,5.318756,578
4605,3.638272,4326,4.7435923,3955,5.303039,371
4606,3.638272,4478,4.3282614,4057,5.1375656,421
4607,5.732805,3546,5.918749,2584,6.2074656,962
4608,7.50724,2059,6.475046,2681,6.152932,-622
4609,6.7692957,2058,6.475046,2680,6.152932,-622
4610,7.2284126,343,7.946689,795,7.6763573,-452
4611,8.431798,1337,6.8132806,1531,6.882167,-194
4612,5.4685082,1336,6.8132806,1473,6.9319506,-137
4613,4.9665723,4505,4.2633276,4373,4.291416,132
4614,4.4522243,4340,4.712886,3882,5.4099407,458
4615,8.291579,346,7.9382143,258,8.414421,88
4616,7.1481304,1630,6.647893,1508,6.906562,122
4617,5.439962,2051,6.478304,337,8.313594,1714
4618,8.677781,3838,5.666014,3302,5.8212347,536
4619,5.966536,2959,6.1504426,2686,6.1485147,273
4620,9.040958,892,7.12404,1403,6.9759703,-511
4621,5.4436855,2869,6.18107,1630,6.7816486,1239
4622,8.045757,957,7.05999,1726,6.7073402,-769
4623,6.619608,3732,5.792232,2029,6.4968624,1703
4624,4.5606656,1706,6.6120257,25,8.90877,1681
4625,6.5198493,2050,6.478304,336,8.313594,1714
4626,5.9495816,2061,6.472927,834,7.6221313,1227
4627,7.251037,1000,7.0223613,1814,6.618249,-814
4628,6.3766475,2402,6.3560243,3989,5.2724442,-1587
4629,5.9625335,4151,5.115596,3889,5.396181,262
4630,6.346691,3654,5.8545814,3837,5.4625807,-183
4631,4.7077417,3630,5.8814054,2848,6.0421906,782
4632,4.389339,3614,5.8901806,3866,5.432236,-252
4633,4.6777787,4072,5.265039,4309,4.5198293,-237
4634,5.0457525,4071,5.265039,4307,4.5316267,-236
4635,5.7447033,4070,5.265039,4445,4.045413,-375
4636,9.021819,3960,5.505382,4224,4.780654,-264
4637,6.4293404,3411,5.9890594,3777,5.53985,-366
4638,6.0199513,3409,5.9890594,3774,5.53985,-365
4639,2.7075224,4670,3.2752225,4514,3.816346,156
4640,2.9415739,4669,3.2752225,4515,3.816346,154
4641,2.8317971,4680,3.0686085,4516,3.8110926,164
4642,3.414539,4681,3.0686085,4517,3.8110926,164
4643,9.057496,3959,5.505382,4225,4.7806535,-266
4644,4.5999985,4141,5.135821,4357,4.355129,-216
4645,4.379999,3933,5.541402,4340,4.3960257,-407
4646,4.7899976,3667,5.843603,4171,4.915995,-504
4647,4.8999968,4138,5.1449986,4354,4.3666024,-216
4648,5.1599936,3692,5.829082,4196,4.8453074,-504
4649,3.3,4167,5.093337,4323,4.4722815,-156
4650,6.399888,3408,5.9890594,3775,5.53985,-367
4651,6.5798297,3410,5.9890594,3776,5.53985,-366
4652,7.398918,616,7.5013523,1977,6.5287285,-1361
4653,7.6978855,568,7.567511,2380,6.308026,-1812
4654,7.9956784,530,7.609983,2324,6.3340206,-1794
4655,7.9956784,508,7.6304045,2428,6.2969294,-1920
4656,4.7999973,1517,6.716151,1794,6.6449776,-277
4657,7.8965383,529,7.609983,1123,7.221385,-594
4658,7.099469,895,7.1126757,2057,6.4810667,-1162
4659,5.2999916,1503,6.7263885,2158,6.4339986,-655
4660,6.999566,934,7.0856886,1694,6.7262683,-760
4661,7.6978855,569,7.5665174,1725,6.707391,-1156
4662,7.2991233,666,7.4252973,2021,6.502451,-1355
4663,6.399888,881,7.1465745,1635,6.7749233,-754
4664,5.499986,1516,6.716672,2047,6.486409,-531
4665,7.498667,650,7.4515495,1626,6.7853036,-976
4666,5.399989,1639,6.6403637,2123,6.450714,-484
4667,7.099469,861,7.175017,1689,6.7371883,-828
4668,6.999566,638,7.475509,1989,6.5214453,-1351
4669,7.7972393,566,7.570666,1507,6.9074154,-941
4670,3.0,601,7.5327888,2237,6.3876534,-1636
4671,7.6978855,443,7.7247066,1713,6.7158747,-1270
4672,7.9956784,461,7.691204,2688,6.146921,-2227
4673,8.389339,418,7.7733803,1992,6.5188417,-1574
4674,7.7972393,417,7.7733803,1319,7.0465574,-902
4675,5.899964,457,7.696802,2188,6.417909,-1731
4676,7.9956784,3961,5.505382,4223,4.780654,-262
4677,7.9956784,554,7.5785766,766,7.7235756,-212
4678,7.5982547,567,7.568995,1384,6.991392,-817
4679,7.8965383,671,7.410673,1438,6.9540625,-767
4680,7.8965383,565,7.5717525,808,7.6640196,-243
4681,7.398918,592,7.546366,1118,7.2278395,-526
4682,4.699998,4290,4.8226123,3365,5.788642,925
4683,4.299999,4343,4.7060194,3573,5.67039,770
4684,4.4999986,4423,4.482898,4059,5.1343603,364
4685,4.8999968,4411,4.5153637,1753,6.688086,2658
4686,7.2991233,543,7.596144,1522,6.890993,-979
4687,7.6978855,516,7.619465,1362,7.010333,-846
4688,7.9956784,3550,5.917644,4191,4.860246,-641
4689,5.5999823,4258,4.8762136,4200,4.839578,58
4690,5.699979,4257,4.8762136,4211,4.805938,46
4691,4.4999986,4318,4.76214,4284,4.6042376,34
4692,7.398918,518,7.617579,1529,6.882991,-1011
4693,3.4999998,4381,4.6241274,4029,5.196085,352
4694,6.999566,519,7.617579,1711,6.7172055,-1192
4695,4.4999986,4266,4.86335,4167,4.9224176,99
4696,7.199283,538,7.6038337,1727,6.70627,-1189
4697,6.49986,469,7.679916,1071,7.2923126,-602
4698,4.4999986,4363,4.669142,4032,5.1859584,331
4699,4.4999986,4042,5.3393106,4162,4.943775,-120
4700,4.4999986,4277,4.84194,4157,4.947165,120
4701,4.4999986,4270,4.8584027,4207,4.8185234,63
4702,3.4999998,4311,4.7803125,4028,5.196886,283
4703,7.7972393,520,7.617579,1752,6.6887426,-1232
4704,4.4999986,4370,4.656183,4244,4.7459364,126
4705,4.7999973,4265,4.864316,4091,5.0862923,174
4706,4.4999986,4272,4.856116,4268,4.679554,4
4707,5.0999947,4264,4.864316,4008,5.232662,256
4708,4.699998,4263,4.864316,4102,5.0713115,161
4709,4.0999994,4384,4.610504,4159,4.944992,225
4710,4.1599994,4262,4.8690753,4099,5.0758505,163
4711,3.9299986,2131,6.4459114,4265,4.6867514,-2134
4712,4.16,4301,4.806299,4289,4.575674,12
4713,8.21467,2345,6.3741145,3103,5.912209,-758
4714,5.369562,2434,6.345842,3884,5.408538,-1450
